date,fii_net,dii_net
2011-01-03,124.18,-27.65
2011-01-04,70.57,350.28
2011-01-05,-599.92,223.86
2011-01-06,135.34,283.22
2011-01-07,-1304.9,702.28
2011-01-10,-1316.19,507.02
2011-01-11,-15.43,-344.7
2011-01-12,517.22,-586.68
2011-01-13,-1202.77,537.63
2011-01-14,-1073.25,140.66
2011-01-17,368.18,-46.04
2011-01-18,629.64,-591.33
2011-01-19,-424.35,166.31
2011-01-20,-107.2,-15.14
2011-01-21,-282.35,7.76
2011-01-24,259.91,165.29
2011-01-25,-489.6,31.57
2011-01-27,-524.93,121.11
2011-01-28,-769.92,19.13
2011-01-31,-388.74,67.72
2011-02-01,-620.88,437.02
2011-02-02,107.69,-128.52
2011-02-03,502.52,-580.04
2011-02-04,-1300.3,804.0
2011-02-07,88.22,-353.77
2011-02-08,-692.24,309.61
2011-02-09,-724.52,399.98
2011-02-10,-6.36,318.31
2011-02-11,595.82,-464.65
2011-02-14,1457.58,-492.27
2011-02-15,109.31,-151.68
2011-02-16,-270.2,-242.44
2011-02-17,793.73,-24.05
2011-02-18,-806.8,595.1
2011-02-21,636.76,-402.2
2011-02-22,-357.23,531.4
2011-02-23,-300.13,458.52
2011-02-24,-2260.96,967.39
2011-02-25,409.87,-253.85
2011-02-28,302.94,-537.52
2011-03-01,1717.45,-814.76
2011-03-03,495.33,-166.58
2011-03-04,-179.09,-111.87
2011-03-07,-453.61,406.98
2011-03-08,395.19,-161.16
2011-03-09,116.65,147.54
2011-03-10,-506.38,99.9
2011-03-11,-543.48,-69.98
2011-03-14,864.14,-342.84
2011-03-15,-738.58,323.01
2011-03-16,210.41,-366.26
2011-03-17,-670.86,132.13
2011-03-18,-710.0,415.65
2011-03-21,388.27,76.55
2011-03-22,522.01,-243.7
2011-03-23,133.55,-311.92
2011-03-24,399.62,300.37
2011-03-25,1145.69,-536.58
2011-03-28,283.14,-379.64
2011-03-29,717.37,-65.45
2011-03-30,644.9,-405.45
2011-03-31,748.96,-479.5
2011-04-01,80.72,471.09
2011-04-04,459.54,-466.85
2011-04-05,38.45,-107.46
2011-04-06,-542.49,91.12
2011-04-07,-316.92,120.39
2011-04-08,-601.1,495.61
2011-04-11,-677.67,176.51
2011-04-13,1290.54,-789.75
2011-04-15,-678.57,629.14
2011-04-18,-1221.24,446.61
2011-04-19,166.64,105.53
2011-04-20,656.66,-747.04
2011-04-21,412.89,-81.8
2011-04-25,-24.04,112.62
2011-04-26,-221.93,72.41
2011-04-27,-220.68,4.1
2011-04-28,51.2,302.39
2011-04-29,-608.52,286.66
2011-05-02,-662.84,367.0
2011-05-03,-903.5,432.44
2011-05-04,-11.62,208.79
2011-05-05,-492.5,728.36
2011-05-06,777.5,-570.17
2011-05-09,-225.53,-161.59
2011-05-10,-108.0,112.59
2011-05-11,283.92,58.06
2011-05-12,-705.64,645.15
2011-05-13,467.91,277.0
2011-05-16,-256.14,34.84
2011-05-17,-813.73,369.5
2011-05-18,-224.56,227.15
2011-05-19,187.49,-49.16
2011-05-20,324.86,-571.25
2011-05-23,-1021.16,626.05
2011-05-24,130.57,-287.67
2011-05-25,-382.11,289.77
2011-05-26,371.67,-265.57
2011-05-27,603.48,-523.06
2011-05-30,62.06,125.85
2011-06-01,1356.98,-332.35
2011-06-02,-716.82,-1.36
2011-06-03,-173.93,254.1
2011-06-06,267.43,701.21
2011-06-07,360.55,118.2
2011-06-08,-25.17,262.11
2011-06-09,-131.29,178.03
2011-06-10,-512.44,112.25
2011-06-13,-148.68,30.05
2011-06-14,740.08,-454.16
2011-06-15,-310.21,-81.66
2011-06-16,-583.79,450.7
2011-06-17,-265.12,-74.95
2011-06-20,-1189.75,641.38
2011-06-21,-11.89,-42.06
2011-06-22,34.61,-141.93
2011-06-23,931.0,-70.72
2011-06-24,915.24,-673.47
2011-06-27,340.38,-82.43
2011-06-28,-28.95,-107.54
2011-06-29,623.52,-75.48
2011-06-30,119.09,-276.48
2011-07-01,-297.58,-41.25
2011-07-04,648.39,-22.52
2011-07-05,-478.04,264.98
2011-07-06,471.5,236.01
2011-07-07,540.08,-556.81
2011-07-08,-279.37,156.52
2011-07-11,-282.55,351.68
2011-07-12,-1032.56,388.51
2011-07-13,-273.77,-473.15
2011-07-15,-102.08,-230.09
2011-07-18,282.23,-223.09
2011-07-19,307.62,-182.67
2011-07-20,-53.86,-80.08
2011-07-21,62.22,116.33
2011-07-22,587.87,-324.2
2011-07-25,461.11,-325.71
2011-07-26,-910.75,387.04
2011-07-27,-223.2,258.22
2011-07-28,-135.78,18.58
2011-07-29,480.87,-364.22
2011-08-01,279.45,-41.04
2011-08-02,-475.81,148.49
2011-08-03,-526.23,138.5
2011-08-04,-822.67,507.58
2011-08-05,-1041.23,426.66
2011-08-08,-665.0,506.41
2011-08-09,-242.71,348.89
2011-08-10,661.59,-546.46
2011-08-11,-33.1,232.03
2011-08-12,-641.13,341.42
2011-08-16,-46.75,64.77
2011-08-17,343.3,-143.7
2011-08-18,-1166.34,775.71
2011-08-19,-789.77,660.77
2011-08-22,874.8,-270.01
2011-08-23,681.84,-317.73
2011-08-24,-525.15,277.07
2011-08-25,-479.95,371.13
2011-08-26,-1152.98,892.69
2011-08-29,1557.76,-1147.47
2011-08-30,1116.83,-255.32
2011-09-02,545.95,-69.29
2011-09-05,-229.25,-66.36
2011-09-06,488.33,-370.12
2011-09-07,839.62,-327.33
2011-09-08,72.67,-203.8
2011-09-09,-806.87,342.31
2011-09-12,-1318.82,605.37
2011-09-13,2.12,-71.83
2011-09-14,606.79,-315.87
2011-09-15,267.9,-596.45
2011-09-16,-95.39,-84.8
2011-09-19,-436.6,552.24
2011-09-20,1290.04,-569.8
2011-09-21,-72.36,-166.7
2011-09-22,-5254.6,963.06
2011-09-23,-486.99,118.39
2011-09-26,-202.45,472.69
2011-09-27,1377.56,-622.03
2011-09-28,-82.43,47.24
2011-09-29,759.13,-349.04
2011-09-30,-695.36,205.29
2011-10-03,-942.14,573.73
2011-10-04,-434.72,590.61
2011-10-05,319.84,-44.24
2011-10-07,1657.16,-682.87
2011-10-10,1483.92,-629.89
2011-10-11,-262.65,-93.52
2011-10-12,725.97,-733.62
2011-10-13,-401.08,135.73
2011-10-14,621.59,107.16
2011-10-17,100.73,-46.94
2011-10-18,-1013.45,492.81
2011-10-19,678.87,-138.17
2011-10-20,-164.85,136.02
2011-10-21,-840.21,476.74
2011-10-24,450.58,7.96
2011-10-25,515.9,-577.13
2011-10-28,1629.9,-804.9
2011-10-31,-430.57,283.6
2011-11-01,-911.31,293.73
2011-11-02,34.83,100.51
2011-11-03,247.31,-259.63
2011-11-04,-208.34,167.94
2011-11-08,131.81,-174.06
2011-11-09,-257.85,345.95
2011-11-11,-205.07,263.45
2011-11-14,316.88,450.22
2011-11-15,-837.73,582.06
2011-11-16,-214.01,461.4
2011-11-17,-1192.44,612.81
2011-11-18,-28.72,-205.08
2011-11-21,-1594.78,241.64
2011-11-22,288.42,-34.38
2011-11-23,-724.7,564.97
2011-11-25,445.4,-295.14
2011-11-28,1073.61,-760.84
2011-11-29,-380.14,231.54
2011-11-30,-236.43,-158.04
2011-12-01,758.31,-408.28
2011-12-02,1239.14,-761.72
2011-12-05,-237.37,-157.39
2011-12-07,217.01,74.69
2011-12-08,-1421.23,688.21
2011-12-09,-910.83,230.56
2011-12-12,-1075.72,317.43
2011-12-13,239.37,-428.47
2011-12-14,102.17,201.56
2011-12-15,-352.33,131.5
2011-12-16,-1026.22,454.87
2011-12-19,-260.29,358.42
2011-12-20,-879.41,258.23
2011-12-21,1570.14,-1279.83
2011-12-22,54.82,56.57
2011-12-23,201.58,55.02
2011-12-27,531.28,-131.32
2011-12-28,299.24,459.15
2011-12-29,-664.71,125.26
2011-12-30,-637.83,158.8
2012-01-03,1335.47,-1046.73
2012-01-04,-325.85,-134.21
2012-01-05,424.95,174.75
2012-01-06,41.69,274.15
2012-01-09,-99.51,-112.83
2012-01-10,1506.17,-454.91
2012-01-11,-141.77,-96.84
2012-01-12,-524.4,-123.81
2012-01-13,591.18,202.06
2012-01-16,-268.47,72.01
2012-01-17,795.5,-576.51
2012-01-18,-263.86,-114.92
2012-01-19,643.71,-481.98
2012-01-20,368.51,-160.49
2012-01-23,-83.01,-169.88
2012-01-24,659.38,-250.71
2012-01-25,427.04,-346.42
2012-01-27,474.6,-74.6
2012-01-30,-1545.18,672.59
2012-01-31,934.63,-436.03
2012-02-01,159.72,-536.24
2012-02-02,-80.28,-153.68
2012-02-03,595.78,-446.29
2012-02-06,495.74,-500.35
2012-02-07,-263.65,-118.64
2012-02-08,146.31,-145.16
2012-02-09,196.59,-282.76
2012-02-10,-32.5,26.66
2012-02-13,288.83,-265.89
2012-02-14,372.23,168.42
2012-02-15,452.06,-694.36
2012-02-16,53.88,4.58
2012-02-17,476.25,-312.53
2012-02-21,406.69,-223.66
2012-02-22,-615.82,504.77
2012-02-23,-115.86,17.76
2012-02-24,-614.31,159.69
2012-02-27,-1265.28,597.75
2012-02-28,965.23,-31.31
2012-02-29,308.01,-110.32
2012-03-01,-121.69,129.38
2012-03-02,-326.0,-293.38
2012-03-05,-1204.73,298.21
2012-03-06,-544.13,609.65
2012-03-07,63.07,-34.49
2012-03-09,1290.59,-983.85
2012-03-12,302.64,32.3
2012-03-13,282.93,-97.54
2012-03-14,401.41,-241.45
2012-03-15,-604.99,835.73
2012-03-16,-536.26,340.51
2012-03-19,-686.97,116.09
2012-03-20,376.88,-255.87
2012-03-21,871.95,-522.56
2012-03-22,-1152.4,702.81
2012-03-23,735.15,-339.88
2012-03-26,-957.45,249.24
2012-03-27,456.99,-208.57
2012-03-28,-272.31,46.34
2012-03-29,64.36,347.65
2012-03-30,1230.05,-187.99
2012-04-02,17.58,-354.44
2012-04-03,-62.95,108.34
2012-04-04,-168.59,154.97
2012-04-09,-761.32,190.56
2012-04-10,699.32,-18.1
2012-04-11,-132.37,225.01
2012-04-12,598.55,-194.37
2012-04-13,-855.21,423.09
2012-04-16,650.54,179.07
2012-04-17,1005.81,-406.0
2012-04-18,-150.04,-73.84
2012-04-19,319.59,66.01
2012-04-20,-812.71,500.71
2012-04-23,-892.39,341.07
2012-04-24,-41.03,-436.97
2012-04-25,8.1,113.51
2012-04-26,-447.44,-196.54
2012-04-27,-68.53,326.1
2012-04-30,489.47,-577.81
2012-05-02,-147.18,-11.67
2012-05-03,-1158.56,231.31
2012-05-04,-1036.36,628.55
2012-05-07,730.58,91.14
2012-05-08,-1183.73,336.95
2012-05-09,391.83,137.6
2012-05-10,-87.97,40.9
2012-05-11,-321.02,156.4
2012-05-14,-357.46,-2.35
2012-05-15,348.39,-286.97
2012-05-16,-1033.49,448.93
2012-05-17,59.24,239.3
2012-05-18,-444.58,109.22
2012-05-22,-4.85,-256.49
2012-05-23,-341.31,53.53
2012-05-24,534.77,-598.89
2012-05-25,-287.8,355.53
2012-05-28,896.98,-77.22
2012-05-29,225.05,-248.13
2012-05-30,-525.41,295.02
2012-05-31,-573.17,276.42
2012-06-01,-899.29,344.64
2012-06-04,245.38,55.03
2012-06-05,66.0,153.74
2012-06-06,1105.35,-564.62
2012-06-07,674.08,-324.81
2012-06-08,266.7,-342.8
2012-06-11,90.43,33.31
2012-06-12,480.7,-95.89
2012-06-13,-121.84,-308.82
2012-06-14,-1040.34,446.79
2012-06-15,513.76,-65.97
2012-06-18,-1248.24,703.17
2012-06-19,443.73,-214.83
2012-06-20,27.37,-1.97
2012-06-21,424.63,3.64
2012-06-22,-154.89,121.78
2012-06-25,-395.99,141.15
2012-06-26,137.07,-372.09
2012-06-27,-131.02,45.64
2012-06-28,113.22,-72.05
2012-06-29,1264.53,-560.44
2012-07-02,-137.78,-154.24
2012-07-03,137.53,-239.96
2012-07-04,240.11,-409.54
2012-07-05,490.67,-22.17
2012-07-06,-33.13,245.11
2012-07-09,23.28,399.42
2012-07-10,205.17,-588.61
2012-07-11,-521.48,187.85
2012-07-12,-540.07,189.59
2012-07-13,-29.71,-112.87
2012-07-16,-439.84,-137.85
2012-07-17,-273.14,-249.17
2012-07-18,-18.18,97.83
2012-07-19,15.71,399.95
2012-07-20,-235.27,216.26
2012-07-23,-1051.75,558.64
2012-07-24,-43.77,-25.67
2012-07-25,458.67,71.46
2012-07-26,-364.4,185.22
2012-07-27,554.91,72.33
2012-07-30,823.19,-127.47
2012-07-31,457.72,-252.88
2012-08-01,268.07,139.53
2012-08-02,33.8,-253.22
2012-08-03,-297.03,8.12
2012-08-06,622.24,-196.29
2012-08-07,556.97,-523.34
2012-08-08,107.23,116.03
2012-08-09,-1.02,286.64
2012-08-10,184.52,103.81
2012-08-13,240.9,-461.41
2012-08-14,410.8,-110.16
2012-08-16,-93.8,-174.5
2012-08-17,-239.03,195.02
2012-08-21,499.78,-118.53
2012-08-22,-68.09,43.54
2012-08-23,257.66,-114.76
2012-08-24,-240.49,39.81
2012-08-27,-446.96,107.33
2012-08-29,-528.09,196.06
2012-08-30,571.61,-307.76
2012-08-31,-578.7,178.04
2012-09-03,316.58,61.89
2012-09-04,450.68,-393.47
2012-09-05,-391.14,406.88
2012-09-06,142.08,152.34
2012-09-07,860.49,-213.03
2012-09-10,774.55,-172.48
2012-09-11,136.13,166.92
2012-09-12,775.23,-294.74
2012-09-13,-65.0,-76.38
2012-09-14,972.91,-838.24
2012-09-17,38.96,-298.56
2012-09-18,-97.35,91.18
2012-09-20,-21.3,4.79
2012-09-21,1478.47,-658.99
2012-09-24,-201.69,229.63
2012-09-25,-242.76,57.52
2012-09-26,-50.47,144.53
2012-09-27,-50.87,552.64
2012-09-28,316.71,-344.27
2012-10-01,-19.9,-179.04
2012-10-03,-50.49,183.38
2012-10-04,846.73,-359.95
2012-10-05,-559.27,269.87
2012-10-08,-755.34,435.23
2012-10-09,302.67,-429.12
2012-10-10,-72.84,589.03
2012-10-11,341.3,-324.79
2012-10-12,-208.84,207.04
2012-10-15,263.3,352.71
2012-10-16,-389.31,12.88
2012-10-17,-236.38,-200.41
2012-10-18,508.04,100.75
2012-10-19,-430.61,195.36
2012-10-22,285.29,92.98
2012-10-23,406.53,6.43
2012-10-25,-0.25,147.78
2012-10-29,-177.45,543.3
2012-10-30,-451.49,226.88
2012-10-31,342.38,124.38
2012-11-01,430.66,-11.32
2012-11-02,733.01,0.69
2012-11-05,402.58,101.22
2012-11-06,135.28,-59.19
2012-11-07,613.45,-319.3
2012-11-08,-93.16,14.0
2012-11-09,-450.23,484.4
2012-11-12,25.35,20.5
2012-11-15,-803.57,381.05
2012-11-16,-344.31,685.49
2012-11-19,-100.71,55.72
2012-11-20,63.69,314.82
2012-11-21,364.31,-138.26
2012-11-22,267.3,-20.34
2012-11-23,-121.82,43.93
2012-11-26,351.05,-246.62
2012-11-27,845.45,-546.13
2012-11-29,1150.36,-730.44
2012-11-30,331.09,-159.97
2012-12-03,315.7,24.69
2012-12-04,17.05,298.31
2012-12-05,-266.49,-487.52
2012-12-06,367.61,-229.21
2012-12-07,-453.42,240.73
2012-12-10,73.65,-119.16
2012-12-11,-405.54,217.22
2012-12-12,71.01,25.94
2012-12-13,151.71,-59.04
2012-12-14,-141.27,-258.44
2012-12-17,-195.93,140.94
2012-12-18,271.72,-95.6
2012-12-19,-34.77,149.69
2012-12-20,-131.85,279.11
2012-12-21,-494.91,381.64
2012-12-24,211.27,55.13
2012-12-26,586.33,53.01
2012-12-27,-251.43,292.08
2012-12-28,303.37,125.12
2012-12-31,-196.6,373.94
2013-01-02,736.35,-659.35
2013-01-03,167.6,-203.99
2013-01-04,265.49,-158.19
2013-01-07,-342.18,-262.59
2013-01-08,-2.03,-540.3
2013-01-09,-647.57,277.88
2013-01-10,172.59,97.02
2013-01-11,-387.09,63.13
2013-01-14,610.31,-537.28
2013-01-15,646.02,40.39
2013-01-16,-507.23,231.37
2013-01-17,363.25,-563.92
2013-01-18,146.84,-240.71
2013-01-21,-102.82,-130.01
2013-01-22,171.57,267.1
2013-01-23,-94.85,90.54
2013-01-24,61.2,329.24
2013-01-25,474.26,-359.06
2013-01-28,175.79,78.08
2013-01-29,18.85,229.51
2013-01-30,310.74,-131.22
2013-01-31,155.96,126.21
2013-02-01,221.78,10.68
2013-02-04,336.89,88.13
2013-02-05,-416.31,29.95
2013-02-06,-60.78,75.18
2013-02-07,-40.46,-29.16
2013-02-08,-303.29,577.05
2013-02-11,384.03,111.19
2013-02-12,218.47,-80.48
2013-02-13,241.6,-248.67
2013-02-14,-367.73,-182.02
2013-02-15,18.83,169.93
2013-02-18,-29.07,268.94
2013-02-19,45.36,-468.78
2013-02-20,84.31,195.32
2013-02-21,-342.93,290.18
2013-02-22,253.01,0.63
2013-02-25,-5.12,157.72
2013-02-26,-634.56,83.54
2013-02-27,677.65,121.76
2013-02-28,-1052.13,527.03
2013-03-01,357.57,-64.9
2013-03-04,-322.9,-41.66
2013-03-05,746.0,-141.65
2013-03-06,432.83,-222.59
2013-03-07,577.04,-761.76
2013-03-08,989.87,-699.28
2013-03-11,-118.78,-209.85
2013-03-12,-561.37,351.02
2013-03-13,-648.7,335.19
2013-03-14,481.76,-151.34
2013-03-15,-288.38,-102.81
2013-03-18,-68.94,60.25
2013-03-19,-1154.32,296.96
2013-03-20,-73.39,394.33
2013-03-21,-400.19,86.66
2013-03-22,-145.79,448.04
2013-03-25,-59.35,163.42
2013-03-26,326.35,13.37
2013-03-28,298.17,-220.73
2013-04-01,174.36,-103.57
2013-04-02,564.95,-181.13
2013-04-03,-470.97,310.92
2013-04-04,-845.42,32.9
2013-04-05,36.25,165.71
2013-04-08,156.77,-532.88
2013-04-09,90.46,187.9
2013-04-10,855.74,-497.33
2013-04-11,470.71,-369.44
2013-04-12,-740.95,675.31
2013-04-15,312.73,-136.71
2013-04-16,1299.97,-442.09
2013-04-17,35.41,74.09
2013-04-18,1430.57,-426.38
2013-04-22,493.81,-11.64
2013-04-23,297.81,226.69
2013-04-25,839.84,-568.68
2013-04-26,29.32,-39.75
2013-04-29,353.7,-289.87
2013-04-30,205.0,-44.76
2013-05-02,663.37,-207.13
2013-05-03,-57.87,321.36
2013-05-06,166.5,79.05
2013-05-07,904.46,-549.07
2013-05-08,362.39,33.72
2013-05-09,-232.15,354.02
2013-05-10,331.07,-159.18
2013-05-13,-980.96,471.96
2013-05-14,-149.08,-350.5
2013-05-15,1660.84,-800.5
2013-05-16,-59.54,-524.83
2013-05-17,-18.73,-335.12
2013-05-20,164.84,324.8
2013-05-21,-519.61,624.28
2013-05-22,85.16,15.18
2013-05-23,-1670.47,981.0
2013-05-24,-209.13,-398.21
2013-05-27,1087.93,71.81
2013-05-28,577.03,-2.7
2013-05-29,91.82,199.12
2013-05-30,351.5,-24.65
2013-05-31,-1101.47,551.24
2013-06-03,-578.16,138.7
2013-06-04,-590.34,63.88
2013-06-05,-209.98,-239.3
2013-06-06,24.29,288.74
2013-06-07,-111.56,-143.53
2013-06-10,-272.91,200.91
2013-06-11,-1004.38,334.45
2013-06-12,-109.51,-70.16
2013-06-13,-504.02,-1.62
2013-06-14,808.58,-415.5
2013-06-17,-39.72,-91.17
2013-06-18,-316.44,266.26
2013-06-19,130.37,235.63
2013-06-20,-1397.27,628.41
2013-06-21,134.45,56.72
2013-06-24,-670.61,349.53
2013-06-25,-6.9,-216.88
2013-06-26,-532.5,440.84
2013-06-27,526.88,-557.51
2013-06-28,1226.95,-524.29
2013-07-01,411.1,7.13
2013-07-02,-518.44,230.83
2013-07-03,-948.48,798.85
2013-07-04,275.37,-224.17
2013-07-05,423.56,-49.8
2013-07-08,-526.48,214.11
2013-07-09,419.19,-233.52
2013-07-10,-120.01,622.6
2013-07-11,878.39,-782.84
2013-07-12,600.5,204.66
2013-07-15,-19.53,237.13
2013-07-16,-206.94,202.47
2013-07-17,293.79,249.91
2013-07-18,447.21,-311.71
2013-07-19,-218.7,-166.31
2013-07-22,-140.76,-255.57
2013-07-23,389.83,-344.65
2013-07-24,-659.74,47.91
2013-07-25,-610.04,513.09
2013-07-26,-678.71,164.95
2013-07-29,-156.46,-10.24
2013-07-30,-238.62,412.18
2013-07-31,-289.63,45.53
2013-08-01,16.37,76.81
2013-08-02,-301.34,33.88
2013-08-05,108.39,-315.77
2013-08-06,-1286.73,448.68
2013-08-07,-392.73,351.64
2013-08-08,694.54,-89.03
2013-08-12,146.91,-273.28
2013-08-13,1077.45,-358.75
2013-08-14,957.07,-109.96
2013-08-16,-6114.07,958.89
2013-08-19,-811.77,392.09
2013-08-20,54.22,252.75
2013-08-21,-1112.0,191.5
2013-08-22,539.53,-397.69
2013-08-23,309.35,-723.17
2013-08-26,140.55,476.9
2013-08-27,-1727.53,1030.7
2013-08-28,-2.71,-8.19
2013-08-29,1403.37,-644.86
2013-08-30,646.89,-225.68
2013-09-02,554.41,-162.31
2013-09-03,-1929.07,791.52
2013-09-04,1132.45,-678.86
2013-09-05,1336.41,-666.51
2013-09-06,1053.26,-295.95
2013-09-10,1898.1,-788.62
2013-09-11,486.61,42.03
2013-09-12,-525.47,1.66
2013-09-13,-267.13,-60.62
2013-09-16,-238.27,5.55
2013-09-17,96.78,64.63
2013-09-18,403.3,-113.16
2013-09-19,1847.64,-1310.85
2013-09-20,-1080.63,394.08
2013-09-23,-1319.96,628.75
2013-09-24,405.61,232.29
2013-09-25,-211.19,377.06
2013-09-26,108.67,-103.17
2013-09-27,-570.28,147.97
2013-09-30,-936.21,453.67
2013-10-01,430.27,-194.45
2013-10-03,1230.77,-322.64
2013-10-04,217.08,-286.83
2013-10-07,-648.21,191.73
2013-10-08,-153.36,-139.13
2013-10-09,374.18,-693.75
2013-10-10,247.73,95.65
2013-10-11,480.77,-830.66
2013-10-14,-1.23,10.7
2013-10-15,-563.18,133.4
2013-10-17,-358.56,293.22
2013-10-18,1216.66,-788.0
2013-10-21,425.17,-94.72
2013-10-22,-24.15,-177.99
2013-10-23,-307.91,-78.42
2013-10-24,-156.54,398.99
2013-10-25,-500.74,-243.83
2013-10-28,11.4,136.33
2013-10-29,814.52,-282.91
2013-10-30,96.15,241.42
2013-10-31,548.98,-287.33
2013-11-01,603.23,-153.09
2013-11-05,-242.96,274.1
2013-11-06,21.59,464.23
2013-11-07,-216.45,-38.46
2013-11-08,-260.78,52.34
2013-11-11,-1.07,279.52
2013-11-12,-591.02,286.78
2013-11-13,-573.15,-76.14
2013-11-14,855.65,-409.15
2013-11-18,835.09,-441.08
2013-11-19,412.36,85.82
2013-11-20,-399.43,172.86
2013-11-21,-1366.82,805.95
2013-11-22,-110.67,-35.17
2013-11-25,1331.97,-388.72
2013-11-26,-345.94,662.95
2013-11-27,-177.38,193.82
2013-11-28,301.11,-89.71
2013-11-29,1073.61,-244.18
2013-12-02,472.57,45.5
2013-12-03,-219.9,-103.51
2013-12-04,-590.94,-228.4
2013-12-05,1164.52,-545.88
2013-12-06,95.3,-130.67
2013-12-09,907.54,-252.19
2013-12-10,-28.83,5.36
2013-12-11,-238.77,155.01
2013-12-12,-623.77,602.27
2013-12-13,-427.6,422.15
2013-12-16,54.67,290.22
2013-12-17,-81.89,-195.8
2013-12-18,736.01,-448.32
2013-12-19,-538.29,320.34
2013-12-20,1182.01,-431.96
2013-12-23,158.89,299.6
2013-12-24,-67.91,584.38
2013-12-26,225.13,-394.03
2013-12-27,466.25,-62.73
2013-12-30,142.68,224.52
2013-12-31,67.91,-296.12
2014-01-02,-709.38,158.46
2014-01-03,-225.5,157.9
2014-01-06,258.89,158.23
2014-01-07,-534.78,206.83
2014-01-08,399.37,-172.06
2014-01-09,-84.11,28.24
2014-01-10,-171.1,117.09
2014-01-13,790.48,-326.45
2014-01-14,-468.18,35.66
2014-01-15,813.82,-391.18
2014-01-16,415.92,-72.02
2014-01-17,-396.83,413.02
2014-01-20,-16.82,-521.05
2014-01-21,-303.29,213.46
2014-01-22,61.21,412.05
2014-01-23,-88.22,10.49
2014-01-24,-236.16,712.06
2014-01-27,-529.02,763.87
2014-01-28,177.79,157.62
2014-01-29,145.62,-85.75
2014-01-30,-584.84,189.47
2014-01-31,87.52,-155.68
2014-02-03,-546.0,551.11
2014-02-04,14.6,299.25
2014-02-05,-106.28,-128.3
2014-02-06,-63.8,-431.01
2014-02-07,202.15,-135.76
2014-02-10,297.96,166.36
2014-02-11,-179.64,332.62
2014-02-12,480.92,28.59
2014-02-13,-737.92,148.76
2014-02-14,300.63,20.91
2014-02-18,1122.15,-16.85
2014-02-19,87.1,-328.58
2014-02-20,-462.93,-104.61
2014-02-21,606.12,-292.18
2014-02-24,132.46,-443.42
2014-02-25,241.15,-162.92
2014-02-26,20.02,-730.7
2014-02-28,298.87,201.57
2014-03-03,-26.78,129.63
2014-03-04,464.26,-213.65
2014-03-05,-5.87,-61.51
2014-03-06,764.31,-41.01
2014-03-07,955.25,-530.88
2014-03-10,-138.29,-205.98
2014-03-11,-250.51,170.42
2014-03-12,266.79,-179.83
2014-03-13,190.57,37.08
2014-03-14,80.13,-192.18
2014-03-18,-510.35,128.96
2014-03-19,240.99,-84.65
2014-03-20,-297.09,260.11
2014-03-21,-312.74,-144.76
2014-03-24,893.91,-598.53
2014-03-25,120.86,-295.05
2014-03-26,205.0,-51.33
2014-03-27,-98.17,80.14
2014-03-28,224.0,-365.87
2014-03-31,112.12,198.74
2014-04-01,-128.29,-50.5
2014-04-02,341.54,21.45
2014-04-03,-77.69,-12.5
2014-04-04,-516.79,172.18
2014-04-07,-262.81,-586.88
2014-04-09,864.55,-196.92
2014-04-10,-589.26,-202.68
2014-04-11,6.92,485.44
2014-04-15,-313.56,13.78
2014-04-16,-474.95,489.59
2014-04-17,618.25,-549.71
2014-04-21,161.42,-331.72
2014-04-22,13.8,333.37
2014-04-23,267.48,-143.83
2014-04-25,-497.24,-100.49
2014-04-28,62.29,63.68
2014-04-29,-385.29,808.71
2014-04-30,-65.66,-80.18
2014-05-02,-118.54,235.66
2014-05-05,62.3,-304.65
2014-05-06,348.85,-193.15
2014-05-07,1.11,449.62
2014-05-08,-56.96,228.77
2014-05-09,1510.61,-576.27
2014-05-12,1254.4,-735.88
2014-05-13,512.74,-130.82
2014-05-14,-83.69,-80.73
2014-05-15,-137.5,34.08
2014-05-16,1076.13,-493.76
2014-05-19,426.36,72.29
2014-05-20,62.35,49.34
2014-05-21,-420.91,163.32
2014-05-22,115.22,116.14
2014-05-23,920.1,206.29
2014-05-26,90.27,92.48
2014-05-27,-230.31,68.82
2014-05-28,164.22,-98.88
2014-05-29,-599.12,584.14
2014-05-30,-291.02,247.67
2014-06-02,1245.95,-481.95
2014-06-03,-168.15,-302.72
2014-06-04,232.55,41.27
2014-06-05,235.5,-343.62
2014-06-06,941.35,-256.25
2014-06-09,409.71,-308.09
2014-06-10,-86.18,-190.36
2014-06-11,210.87,32.02
2014-06-12,455.4,228.71
2014-06-13,-455.01,265.97
2014-06-16,44.25,23.5
2014-06-17,425.5,-260.84
2014-06-18,-776.3,478.31
2014-06-19,-231.92,98.12
2014-06-20,-123.13,45.19
2014-06-23,26.19,-34.74
2014-06-24,797.34,-558.95
2014-06-25,-40.63,423.9
2014-06-26,-752.44,115.63
2014-06-27,232.57,-16.13
2014-06-30,770.52,-243.6
2014-07-01,312.07,145.24
2014-07-02,694.81,-344.43
2014-07-03,101.15,413.47
2014-07-04,205.35,-314.16
2014-07-07,506.08,-138.73
2014-07-08,-1595.86,695.83
2014-07-09,-384.38,107.17
2014-07-10,-30.72,94.96
2014-07-11,-537.18,270.18
2014-07-14,91.75,-33.64
2014-07-15,671.01,-120.08
2014-07-16,415.5,-107.48
2014-07-17,-28.73,108.98
2014-07-18,245.28,290.91
2014-07-21,76.57,-136.08
2014-07-22,539.44,-332.78
2014-07-23,379.57,-413.05
2014-07-24,-39.9,-325.32
2014-07-25,-18.79,470.31
2014-07-28,-294.07,100.21
2014-07-30,293.04,94.61
2014-07-31,-681.69,272.6
2014-08-01,-524.85,484.54
2014-08-04,580.44,-66.31
2014-08-05,-266.5,-69.08
2014-08-06,-644.38,-125.7
2014-08-07,-20.79,349.03
2014-08-08,-561.87,454.33
2014-08-11,782.27,73.38
2014-08-12,1072.86,-183.01
2014-08-13,99.74,-360.84
2014-08-14,275.39,-337.1
2014-08-18,1072.46,-300.04
2014-08-19,178.43,36.48
2014-08-20,-129.65,409.29
2014-08-21,-55.35,-11.24
2014-08-22,-45.59,-334.02
2014-08-25,-196.54,14.39
2014-08-26,-117.13,-133.58
2014-08-27,-153.6,-115.61
2014-08-28,-260.88,94.36
2014-09-01,481.68,-522.04
2014-09-02,267.44,-322.8
2014-09-03,274.96,170.51
2014-09-04,-583.71,80.46
2014-09-05,-96.23,162.37
2014-09-08,591.52,-419.5
2014-09-09,-207.91,-95.13
2014-09-10,-91.91,184.72
2014-09-11,423.41,13.81
2014-09-12,-54.66,-363.96
2014-09-15,-842.49,-120.97
2014-09-16,-611.53,440.9
2014-09-17,-126.79,44.76
2014-09-18,752.22,-407.13
2014-09-19,444.34,158.73
2014-09-22,85.85,-254.73
2014-09-23,-1328.19,251.29
2014-09-24,-147.26,-150.2
2014-09-25,-598.58,298.25
2014-09-26,304.01,-310.11
2014-09-29,-20.27,119.6
2014-09-30,-235.53,263.65
2014-10-01,-145.49,64.19
2014-10-07,-409.12,339.73
2014-10-08,176.52,88.31
2014-10-09,598.22,-303.37
2014-10-10,-917.8,337.64
2014-10-13,146.27,-118.91
2014-10-14,-160.55,-312.16
2014-10-16,-873.45,386.7
2014-10-17,243.24,-307.17
2014-10-20,957.2,-493.62
2014-10-21,549.18,-67.97
2014-10-22,268.26,140.15
2014-10-27,-324.67,196.96
2014-10-28,474.75,-246.43
2014-10-29,739.58,-245.74
2014-10-30,558.86,-191.28
2014-10-31,902.87,-306.06
2014-11-03,210.09,-355.56
2014-11-05,411.08,-374.99
2014-11-07,250.34,229.24
2014-11-10,-229.26,-103.9
2014-11-11,-166.17,-98.11
2014-11-12,46.45,94.2
2014-11-13,175.79,355.03
2014-11-14,51.2,-137.71
2014-11-17,-177.41,-282.9
2014-11-18,212.45,337.5
2014-11-19,-567.32,10.87
2014-11-20,110.32,-2.43
2014-11-21,246.6,-139.69
2014-11-24,192.96,-158.6
2014-11-25,-256.45,197.8
2014-11-26,-34.36,-59.29
2014-11-27,86.75,-128.42
2014-11-28,488.91,42.92
2014-12-01,-48.11,35.07
2014-12-02,-8.09,24.4
2014-12-03,369.24,35.95
2014-12-04,129.83,11.21
2014-12-05,-545.1,-149.16
2014-12-08,-884.37,321.53
2014-12-09,-144.89,735.27
2014-12-10,249.13,55.36
2014-12-11,-825.76,79.21
2014-12-12,-611.76,83.24
2014-12-15,-69.39,-80.74
2014-12-16,-1419.44,611.89
2014-12-17,-502.46,164.99
2014-12-18,1324.89,-587.06
2014-12-19,-228.74,-259.12
2014-12-22,875.83,91.37
2014-12-23,-649.77,270.53
2014-12-24,-678.2,259.75
2014-12-26,823.8,-381.95
2014-12-29,341.46,-45.47
2014-12-30,283.27,13.68
2014-12-31,285.85,-182.75
2015-01-02,747.92,-408.96
2015-01-05,53.85,-23.15
2015-01-06,-1403.92,743.25
2015-01-07,126.17,67.39
2015-01-08,374.43,-156.46
2015-01-09,76.56,-282.25
2015-01-12,83.45,158.71
2015-01-13,-675.69,698.44
2015-01-14,132.37,110.47
2015-01-15,1294.64,-597.07
2015-01-16,245.94,71.21
2015-01-19,355.61,-90.44
2015-01-20,797.96,-453.9
2015-01-21,146.2,129.29
2015-01-22,331.11,-679.44
2015-01-23,587.42,-172.77
2015-01-27,419.18,-289.63
2015-01-28,302.35,178.84
2015-01-29,20.2,-25.3
2015-01-30,-1044.1,124.67
2015-02-02,-221.95,205.12
2015-02-03,6.11,218.7
2015-02-04,-6.3,197.02
2015-02-05,-229.15,120.77
2015-02-06,-90.6,296.21
2015-02-09,-480.39,530.47
2015-02-10,317.74,99.09
2015-02-11,354.41,-356.9
2015-02-12,446.92,-392.82
2015-02-13,370.43,-298.52
2015-02-16,-176.25,-72.52
2015-02-18,-134.28,-126.91
2015-02-19,148.01,-237.27
2015-02-20,-182.0,360.92
2015-02-23,-847.06,70.04
2015-02-24,-151.45,-208.4
2015-02-25,236.76,-53.46
2015-02-26,-541.76,-162.95
2015-02-27,1084.42,-710.64
2015-03-02,648.99,-261.53
2015-03-03,560.67,-372.02
2015-03-04,-1163.94,241.3
2015-03-05,534.74,205.48
2015-03-09,-960.14,407.95
2015-03-10,-53.45,-67.09
2015-03-11,49.65,135.81
2015-03-12,702.12,333.4
2015-03-13,-632.58,263.55
2015-03-16,-90.81,-311.61
2015-03-17,348.43,-342.91
2015-03-18,-345.39,137.65
2015-03-19,-500.62,371.72
2015-03-20,-369.1,182.72
2015-03-23,-198.65,89.38
2015-03-24,159.79,-150.18
2015-03-25,-235.64,-25.19
2015-03-26,-1442.16,389.0
2015-03-27,-123.55,177.13
2015-03-30,970.16,-413.54
2015-03-31,205.07,-23.65
2015-04-01,658.5,-301.09
2015-04-06,495.23,-330.99
2015-04-07,-607.4,-28.01
2015-04-08,668.04,29.07
2015-04-09,607.98,63.91
2015-04-10,33.84,33.63
2015-04-13,151.1,-215.97
2015-04-16,-566.57,601.03
2015-04-17,-613.15,199.11
2015-04-20,-917.25,578.93
2015-04-21,-777.33,-251.05
2015-04-22,172.41,-399.17
2015-04-23,-313.28,63.57
2015-04-24,-667.29,567.48
2015-04-27,-468.87,335.37
2015-04-28,592.62,-446.3
2015-04-29,-16.9,123.19
2015-04-30,-185.85,-37.64
2015-05-04,531.01,-296.15
2015-05-05,51.19,-158.96
2015-05-06,-1585.62,909.19
2015-05-07,-542.51,451.11
2015-05-08,607.63,-288.71
2015-05-11,734.24,-287.56
2015-05-12,-1326.98,562.92
2015-05-13,677.76,-534.2
2015-05-14,116.9,-68.49
2015-05-15,174.78,-314.84
2015-05-18,32.96,-374.98
2015-05-19,555.38,180.81
2015-05-20,339.45,-224.71
2015-05-21,-7.74,116.1
2015-05-22,-69.87,110.2
2015-05-25,-345.45,405.79
2015-05-26,-74.97,96.22
2015-05-27,139.74,132.6
2015-05-28,-182.09,-67.93
2015-05-29,714.55,-34.74
2015-06-01,-311.26,-292.76
2015-06-02,-1126.49,594.02
2015-06-03,-571.92,356.42
2015-06-04,-83.15,311.65
2015-06-05,-498.31,-116.66
2015-06-08,-460.52,-111.28
2015-06-09,-179.16,399.89
2015-06-10,641.26,-271.88
2015-06-11,-1294.18,366.3
2015-06-12,16.36,-118.62
2015-06-15,514.58,14.46
2015-06-16,-69.48,-54.89
2015-06-17,399.49,90.56
2015-06-18,908.33,-459.61
2015-06-19,105.25,-405.5
2015-06-22,720.52,-296.24
2015-06-23,417.13,-100.34
2015-06-24,-203.45,92.09
2015-06-25,13.38,306.82
2015-06-26,-502.54,87.26
2015-06-29,131.85,188.39
2015-06-30,253.63,-222.06
2015-07-01,460.07,21.99
2015-07-02,-601.17,330.79
2015-07-03,-119.16,-171.75
2015-07-06,112.2,7.96
2015-07-07,-466.13,125.73
2015-07-08,-361.94,161.37
2015-07-09,-158.84,-29.26
2015-07-10,298.58,-92.23
2015-07-13,432.3,-198.76
2015-07-14,418.28,-21.78
2015-07-15,592.17,-464.77
2015-07-16,255.1,-152.62
2015-07-17,381.48,65.9
2015-07-20,-115.43,18.44
2015-07-21,-742.66,335.93
2015-07-22,830.53,-395.39
2015-07-23,-370.6,179.72
2015-07-24,-506.45,185.41
2015-07-27,-417.09,421.61
2015-07-28,-233.11,-57.75
2015-07-29,414.25,-150.34
2015-07-30,116.76,124.71
2015-07-31,1014.2,-449.73
2015-08-03,-406.86,171.62
2015-08-04,-324.2,234.65
2015-08-05,-192.83,28.67
2015-08-06,-181.99,85.75
2015-08-07,-136.45,-120.78
2015-08-10,-329.44,251.1
2015-08-11,-344.47,302.35
2015-08-12,-172.96,20.69
2015-08-13,442.63,1.71
2015-08-14,748.87,-752.85
2015-08-17,-289.4,305.39
2015-08-18,-95.29,333.93
2015-08-19,-193.89,-86.87
2015-08-20,-1033.51,432.93
2015-08-21,-213.02,133.22
2015-08-24,-8572.97,1518.56
2015-08-25,568.27,-148.68
2015-08-26,-254.77,67.65
2015-08-27,1178.16,-265.55
2015-08-28,-111.27,-102.76
2015-08-31,-317.56,79.45
2015-09-01,-1076.31,484.17
2015-09-02,-611.08,227.9
2015-09-03,414.98,-560.56
2015-09-04,-903.6,306.96
2015-09-07,-462.09,406.85
2015-09-08,424.84,-563.66
2015-09-09,1146.25,-620.09
2015-09-10,-311.15,189.94
2015-09-11,203.55,-54.16
2015-09-14,383.08,18.24
2015-09-15,160.66,332.8
2015-09-16,468.7,-385.34
2015-09-18,316.18,-157.39
2015-09-21,74.53,295.35
2015-09-22,-872.23,216.8
2015-09-23,480.28,-308.26
2015-09-24,47.71,-21.81
2015-09-28,36.31,853.29
2015-09-29,456.97,-189.29
2015-09-30,806.81,-159.06
2015-10-01,-67.59,352.75
2015-10-05,1116.52,-429.95
2015-10-06,373.4,-19.14
2015-10-07,359.99,-198.58
2015-10-08,-433.37,-73.13
2015-10-09,481.06,-29.81
2015-10-12,-167.01,475.62
2015-10-13,-74.46,170.28
2015-10-14,-419.27,-4.25
2015-10-15,615.43,-50.95
2015-10-16,285.03,-193.58
2015-10-19,-155.51,-183.38
2015-10-20,141.63,155.52
2015-10-21,64.95,40.06
2015-10-23,266.86,-264.61
2015-10-26,-35.65,189.37
2015-10-27,-44.35,-21.53
2015-10-28,-913.05,406.79
2015-10-29,-483.49,9.33
2015-10-30,-109.86,63.21
2015-11-02,172.0,169.89
2015-11-03,232.38,-303.93
2015-11-04,175.83,115.83
2015-11-05,-619.36,292.2
2015-11-06,-451.29,85.35
2015-11-09,-503.12,-147.65
2015-11-10,-1213.48,638.98
2015-11-13,-292.86,374.52
2015-11-16,151.73,-484.31
2015-11-17,-80.9,148.05
2015-11-18,-713.61,227.66
2015-11-19,757.5,-258.39
2015-11-20,367.33,245.71
2015-11-23,-136.4,-241.98
2015-11-24,-215.8,108.27
2015-11-26,92.32,-358.06
2015-11-27,459.5,-196.51
2015-11-30,-38.7,-128.25
2015-12-01,66.21,-246.75
2015-12-02,74.53,281.06
2015-12-03,-885.18,25.92
2015-12-04,-897.08,131.47
2015-12-07,-126.87,-236.92
2015-12-08,-640.62,4.28
2015-12-09,-527.28,303.42
2015-12-10,284.59,-197.15
2015-12-11,-610.75,182.71
2015-12-14,678.53,138.01
2015-12-15,7.46,-0.23
2015-12-16,527.49,-391.97
2015-12-17,807.53,6.17
2015-12-18,-805.85,79.11
2015-12-21,721.44,-179.21
2015-12-22,-170.7,222.4
2015-12-23,610.45,-521.68
2015-12-24,230.68,249.49
2015-12-28,350.36,-212.55
2015-12-29,-358.8,90.86
2015-12-30,-63.19,90.67
2015-12-31,598.33,-225.44
2016-01-04,-834.46,283.87
2016-01-05,-48.56,-13.53
2016-01-06,-224.03,66.27
2016-01-07,-1148.36,722.95
2016-01-08,109.16,-430.49
2016-01-11,190.73,399.62
2016-01-12,-677.05,314.94
2016-01-13,221.11,-120.73
2016-01-14,-95.7,37.75
2016-01-15,-852.72,190.28
2016-01-18,-812.55,125.39
2016-01-19,555.24,-429.17
2016-01-20,-675.48,720.44
2016-01-21,-367.33,159.04
2016-01-22,1125.71,-405.99
2016-01-25,111.27,102.39
2016-01-27,131.32,-252.91
2016-01-28,129.22,221.49
2016-01-29,744.58,-460.11
2016-02-01,120.59,-16.74
2016-02-02,-396.14,804.96
2016-02-03,-825.22,38.15
2016-02-04,362.57,1.0
2016-02-05,516.97,3.31
2016-02-08,-1014.64,478.58
2016-02-09,-754.19,645.24
2016-02-10,-67.08,129.27
2016-02-11,-1795.93,1001.19
2016-02-12,-63.81,-25.57
2016-02-15,1309.89,-1035.71
2016-02-16,-804.11,262.38
2016-02-17,303.78,75.2
2016-02-18,271.79,-130.32
2016-02-19,62.36,-122.0
2016-02-22,362.62,-14.5
2016-02-23,-721.26,625.59
2016-02-24,-721.75,197.02
2016-02-25,-613.94,6.25
2016-02-26,1161.55,36.8
2016-02-29,-641.48,-112.64
2016-03-01,1803.94,-732.28
2016-03-02,1151.79,-558.28
2016-03-03,692.97,-296.59
2016-03-04,86.69,-476.47
2016-03-08,-57.79,-170.11
2016-03-09,354.41,441.75
2016-03-10,-211.18,88.82
2016-03-11,391.08,16.22
2016-03-14,295.1,26.33
2016-03-15,-4.19,32.98
2016-03-16,374.08,-313.11
2016-03-17,230.89,-229.74
2016-03-18,506.64,-364.51
2016-03-21,900.81,-144.74
2016-03-22,-242.31,-23.57
2016-03-23,-167.02,-256.89
2016-03-28,-711.29,266.82
2016-03-29,487.84,146.01
2016-03-30,565.17,-567.74
2016-03-31,276.03,407.35
2016-04-01,-560.29,-294.09
2016-04-04,764.32,-70.36
2016-04-05,-1219.8,608.29
2016-04-06,-585.61,-35.99
2016-04-07,-363.91,407.79
2016-04-08,-195.5,-11.85
2016-04-11,537.65,-333.43
2016-04-12,20.91,-203.99
2016-04-13,668.81,-328.65
2016-04-18,623.82,-251.53
2016-04-20,9.87,-289.88
2016-04-21,-91.98,-1.51
2016-04-22,574.62,-182.11
2016-04-25,85.96,339.42
2016-04-26,755.07,9.27
2016-04-27,201.34,23.67
2016-04-28,-844.43,660.29
2016-04-29,290.36,-133.26
2016-05-02,-609.44,99.22
2016-05-03,-577.29,175.93
2016-05-04,48.29,39.07
2016-05-05,177.12,-82.31
2016-05-06,198.86,-442.75
2016-05-09,705.64,-386.4
2016-05-10,438.27,-167.51
2016-05-11,-716.04,247.39
2016-05-12,169.55,-402.13
2016-05-13,-697.2,233.65
2016-05-16,142.16,-587.79
2016-05-17,415.09,159.56
2016-05-18,32.35,-162.27
2016-05-19,-601.51,274.26
2016-05-20,-66.79,241.91
2016-05-23,-303.87,76.56
2016-05-24,229.44,233.6
2016-05-25,1376.63,-442.44
2016-05-26,870.05,-142.46
2016-05-27,641.5,-441.75
2016-05-30,484.78,72.61
2016-05-31,-223.25,-39.65
2016-06-01,195.77,31.82
2016-06-02,287.71,-56.93
2016-06-03,436.24,208.68
2016-06-06,-72.46,248.32
2016-06-07,140.6,-119.78
2016-06-08,492.24,-63.57
2016-06-09,-631.65,79.45
2016-06-10,-476.89,-54.71
2016-06-13,-456.45,-99.2
2016-06-14,-6.88,185.85
2016-06-15,375.79,2.49
2016-06-16,-273.5,406.72
2016-06-17,16.42,80.46
2016-06-20,145.0,-30.94
2016-06-21,-69.92,167.09
2016-06-22,-392.44,-129.74
2016-06-23,556.14,-393.08
2016-06-24,-983.6,276.27
2016-06-27,249.75,-265.36
2016-06-28,342.84,22.74
2016-06-29,294.26,-117.82
2016-06-30,575.53,-362.98
2016-07-01,-7.2,-514.99
2016-07-04,341.67,-440.09
2016-07-05,-183.73,51.09
2016-07-07,181.48,-66.26
2016-07-08,-170.51,190.45
2016-07-11,953.02,-371.4
2016-07-12,431.15,-464.03
2016-07-13,180.1,127.04
2016-07-14,12.86,-182.33
2016-07-15,-147.59,41.98
2016-07-18,-107.96,381.98
2016-07-19,387.08,-320.77
2016-07-20,374.19,156.45
2016-07-21,-228.72,380.91
2016-07-22,685.8,113.38
2016-07-25,615.24,-67.44
2016-07-26,-224.33,135.05
2016-07-27,58.52,239.49
2016-07-28,88.46,159.94
2016-07-29,-35.42,-199.67
2016-08-01,80.62,-414.36
2016-08-02,77.36,216.56
2016-08-03,-600.67,251.0
2016-08-04,525.11,-119.44
2016-08-05,507.4,-89.73
2016-08-08,653.03,-80.45
2016-08-09,62.89,363.29
2016-08-10,-778.77,199.51
2016-08-11,405.97,287.88
2016-08-16,434.01,-322.61
2016-08-17,389.74,-52.68
2016-08-18,201.47,-74.16
2016-08-19,351.94,189.1
2016-08-22,-114.07,201.55
2016-08-23,30.86,101.63
2016-08-24,-529.87,-110.58
2016-08-25,-275.49,-62.29
2016-08-26,-17.77,16.28
2016-08-29,642.43,212.82
2016-08-30,678.79,-427.79
2016-08-31,220.81,-209.98
2016-09-01,-16.97,-118.79
2016-09-02,-83.22,24.82
2016-09-06,914.22,-539.28
2016-09-07,83.79,-56.29
2016-09-08,257.0,67.21
2016-09-09,-487.6,330.55
2016-09-12,-981.18,386.74
2016-09-14,11.64,-180.87
2016-09-15,47.19,-355.42
2016-09-16,90.53,-163.64
2016-09-19,98.55,-129.6
2016-09-20,-199.92,188.13
2016-09-21,225.75,-133.51
2016-09-22,213.6,-465.61
2016-09-23,-324.23,30.83
2016-09-26,-806.77,47.91
2016-09-27,-209.46,84.0
2016-09-28,371.29,-222.75
2016-09-29,-983.17,254.62
2016-09-30,107.96,-227.59
2016-10-03,880.4,-725.73
2016-10-04,87.77,-28.62
2016-10-05,-97.73,610.45
2016-10-06,-109.26,-102.46
2016-10-07,-92.47,-320.95
2016-10-10,44.24,-198.8
2016-10-13,-548.82,278.92
2016-10-14,29.42,-156.42
2016-10-17,67.73,119.25
2016-10-18,1382.39,-299.3
2016-10-19,12.19,127.91
2016-10-20,331.16,-501.89
2016-10-21,-106.22,187.28
2016-10-24,79.23,-326.77
2016-10-25,-114.44,391.49
2016-10-26,-125.78,206.35
2016-10-27,237.86,-73.3
2016-10-28,-293.93,-250.91
2016-11-01,322.71,-20.79
2016-11-02,-711.48,265.35
2016-11-03,305.43,410.49
2016-11-04,252.98,119.05
2016-11-07,449.18,-490.97
2016-11-08,642.86,-370.37
2016-11-09,-598.64,106.95
2016-11-10,408.7,-445.41
2016-11-11,-1497.6,564.99
2016-11-15,-1269.2,732.73
2016-11-16,-256.79,34.4
2016-11-17,109.4,-5.09
2016-11-18,-215.68,-28.0
2016-11-21,-603.0,487.79
2016-11-22,328.79,-134.02
2016-11-23,-81.88,39.42
2016-11-24,-319.84,149.43
2016-11-25,724.38,-644.35
2016-11-28,211.35,206.98
2016-11-29,-65.5,44.77
2016-11-30,-16.05,-369.77
2016-12-01,-199.87,-85.88
2016-12-02,-881.64,190.2
2016-12-05,332.42,-167.15
2016-12-06,-470.98,-468.43
2016-12-07,-404.08,217.72
2016-12-08,206.72,-546.75
2016-12-09,-41.22,232.5
2016-12-12,-646.68,351.81
2016-12-13,347.4,-582.16
2016-12-14,-47.25,162.73
2016-12-15,-49.23,873.39
2016-12-16,-607.8,388.32
2016-12-19,-287.48,165.27
2016-12-20,-146.8,-17.14
2016-12-21,-272.99,131.17
2016-12-22,-889.13,405.04
2016-12-23,-62.38,-246.85
2016-12-26,-597.74,494.05
2016-12-27,653.95,-322.2
2016-12-28,-170.29,145.36
2016-12-29,599.2,155.81
2016-12-30,463.29,-119.86
2017-01-02,-13.96,278.41
2017-01-03,-101.77,110.03
2017-01-04,-59.36,-7.5
2017-01-05,531.45,-203.81
2017-01-06,-210.35,133.59
2017-01-09,347.52,220.59
2017-01-10,536.31,-250.62
2017-01-11,332.98,-86.58
2017-01-12,377.41,215.33
2017-01-13,-191.74,-25.54
2017-01-16,-335.77,-115.55
2017-01-17,161.18,-49.32
2017-01-18,273.24,-94.66
2017-01-19,188.53,-283.3
2017-01-20,-486.99,-344.08
2017-01-23,205.69,-452.3
2017-01-24,803.79,-95.66
2017-01-25,865.57,-70.25
2017-01-27,-13.46,237.59
2017-01-30,183.87,-22.72
2017-01-31,-129.93,-14.34
2017-02-01,699.7,-574.63
2017-02-02,-29.85,-262.51
2017-02-03,344.13,-70.95
2017-02-06,431.91,-285.96
2017-02-07,-641.21,147.04
2017-02-08,-473.79,-15.87
2017-02-09,-288.76,370.8
2017-02-10,314.13,-21.99
2017-02-13,381.32,-201.96
2017-02-14,63.47,76.16
2017-02-15,-318.42,446.68
2017-02-16,488.58,-94.98
2017-02-17,-164.8,-316.47
2017-02-20,295.22,-144.28
2017-02-21,-121.22,401.67
2017-02-22,486.03,66.96
2017-02-23,88.58,-77.73
2017-02-27,-477.37,135.19
2017-02-28,-31.67,-200.3
2017-03-01,456.31,-217.43
2017-03-02,-734.33,-43.39
2017-03-03,-115.76,383.72
2017-03-06,509.47,-452.26
2017-03-07,29.19,-263.3
2017-03-08,144.37,-31.07
2017-03-09,-8.28,257.6
2017-03-10,-279.5,-300.57
2017-03-14,707.25,-218.9
2017-03-15,-391.94,-560.38
2017-03-16,266.42,-79.26
2017-03-17,334.75,-109.97
2017-03-20,-284.08,321.39
2017-03-21,-496.74,-63.05
2017-03-22,-451.49,339.39
2017-03-23,181.78,-147.73
2017-03-24,-502.67,-191.36
2017-03-27,-231.37,-24.08
2017-03-28,322.09,-64.3
2017-03-29,150.61,-84.03
2017-03-30,-76.91,-123.21
2017-03-31,152.55,31.39
2017-04-03,202.73,-129.84
2017-04-05,326.42,-483.87
2017-04-06,272.5,-58.62
2017-04-07,-237.24,411.26
2017-04-10,-434.51,-96.09
2017-04-11,230.37,-308.01
2017-04-12,252.13,-80.55
2017-04-13,-424.92,183.9
2017-04-17,-363.37,-47.72
2017-04-18,-107.46,26.84
2017-04-19,-32.41,-101.33
2017-04-20,-197.92,-26.03
2017-04-21,345.7,50.2
2017-04-24,596.65,-131.62
2017-04-25,163.52,100.08
2017-04-26,293.69,204.82
2017-04-27,-235.12,389.54
2017-04-28,-10.13,212.57
2017-05-02,110.9,-75.9
2017-05-03,290.2,33.04
2017-05-04,-234.3,-352.17
2017-05-05,-444.97,261.26
2017-05-08,140.67,166.39
2017-05-09,-472.75,21.2
2017-05-10,30.92,-90.76
2017-05-11,56.65,43.79
2017-05-12,-330.06,312.94
2017-05-15,497.11,-1.63
2017-05-16,321.49,-60.97
2017-05-17,-105.76,135.63
2017-05-18,-93.1,466.86
2017-05-19,-190.62,76.39
2017-05-22,-268.4,87.03
2017-05-23,-163.35,-235.96
2017-05-24,-426.82,11.56
2017-05-25,721.75,-640.38
2017-05-26,545.99,-174.08
2017-05-29,2.5,-176.69
2017-05-30,364.47,279.94
2017-05-31,-138.03,-113.86
2017-06-01,96.04,-58.22
2017-06-02,159.62,50.7
2017-06-05,-365.46,207.72
2017-06-06,-177.95,15.76
2017-06-07,116.48,-76.91
2017-06-08,-518.95,342.06
2017-06-09,119.17,34.18
2017-06-12,-30.26,-70.16
2017-06-13,68.97,-28.83
2017-06-14,270.24,-454.72
2017-06-15,-233.24,-16.33
2017-06-16,160.27,67.91
2017-06-19,185.52,-323.65
2017-06-20,-48.63,-168.84
2017-06-21,107.42,-22.3
2017-06-22,-745.43,-65.62
2017-06-23,-545.46,-183.34
2017-06-27,-641.21,187.81
2017-06-28,226.23,115.6
2017-06-29,-83.93,57.33
2017-06-30,-26.39,-183.11
2017-07-03,205.58,-597.45
2017-07-04,-106.32,36.03
2017-07-05,102.23,-146.39
2017-07-06,-44.74,25.8
2017-07-07,-374.5,177.82
2017-07-10,293.89,-422.71
2017-07-11,-289.94,-138.66
2017-07-12,397.36,26.36
2017-07-13,629.69,-88.11
2017-07-14,-302.96,-52.63
2017-07-17,-45.35,191.26
2017-07-18,-746.96,402.62
2017-07-19,591.86,181.62
2017-07-20,-235.25,208.88
2017-07-21,782.86,-229.75
2017-07-24,-125.82,-504.97
2017-07-25,168.89,-371.99
2017-07-26,188.42,-53.29
2017-07-27,45.79,85.34
2017-07-28,25.39,270.87
2017-07-31,74.47,-291.67
2017-08-01,-6.85,72.88
2017-08-02,61.23,172.18
2017-08-03,-40.63,-67.36
2017-08-04,680.2,172.95
2017-08-07,139.2,378.71
2017-08-08,-806.16,91.11
2017-08-09,-537.08,320.92
2017-08-10,-705.61,373.04
2017-08-11,-214.63,417.67
2017-08-14,500.1,-412.16
2017-08-16,314.87,-13.37
2017-08-17,229.45,-25.11
2017-08-18,-441.46,-236.67
2017-08-21,-689.83,593.34
2017-08-22,-262.7,9.19
2017-08-23,697.05,-473.58
2017-08-24,69.27,176.04
2017-08-28,285.92,432.28
2017-08-29,-1006.03,506.19
2017-08-30,407.75,-71.09
2017-08-31,279.79,-231.36
2017-09-01,342.09,-514.0
2017-09-04,-157.73,213.9
2017-09-05,358.15,112.38
2017-09-06,-88.96,120.05
2017-09-07,-151.19,-176.98
2017-09-08,321.35,274.93
2017-09-11,299.06,-170.09
2017-09-12,208.58,17.18
2017-09-13,98.24,422.3
2017-09-14,-183.37,-93.71
2017-09-15,51.92,132.27
2017-09-18,281.71,-342.41
2017-09-19,193.02,157.89
2017-09-20,-260.6,286.85
2017-09-21,197.64,74.31
2017-09-22,-758.12,499.82
2017-09-25,-676.07,236.33
2017-09-26,-543.66,178.08
2017-09-27,-1077.96,644.48
2017-09-28,87.98,-127.59
2017-09-29,-56.36,-107.89
2017-10-03,716.79,-678.64
2017-10-04,600.19,-72.87
2017-10-05,-433.88,-149.0
2017-10-06,879.22,-419.16
2017-10-09,-243.0,204.79
2017-10-10,225.8,-258.17
2017-10-11,-106.32,-124.91
2017-10-12,834.06,-67.15
2017-10-13,484.86,-103.6
2017-10-16,752.07,-155.95
2017-10-17,-277.87,81.1
2017-10-18,406.21,-145.3
2017-10-19,-405.23,240.72
2017-10-23,175.26,-290.83
2017-10-24,392.64,407.92
2017-10-25,478.36,-395.48
2017-10-26,-151.94,-66.06
2017-10-27,175.67,145.18
2017-10-30,196.05,-216.18
2017-10-31,-409.82,235.34
2017-11-01,737.38,-563.61
2017-11-02,317.48,154.8
2017-11-03,487.57,-337.26
2017-11-06,-344.81,-28.12
2017-11-07,-360.58,602.41
2017-11-08,-50.53,64.99
2017-11-09,-228.45,231.93
2017-11-10,-179.1,294.65
2017-11-13,-540.01,552.57
2017-11-14,-17.8,66.37
2017-11-15,-466.32,100.05
2017-11-16,584.94,-223.5
2017-11-17,188.56,-201.63
2017-11-20,93.31,-462.58
2017-11-21,251.21,-264.28
2017-11-22,-213.77,-374.75
2017-11-23,-417.29,-286.68
2017-11-24,20.6,291.73
2017-11-27,-84.07,11.85
2017-11-28,-40.75,96.65
2017-11-29,-62.51,-217.48
2017-11-30,-287.52,686.57
2017-12-01,-932.81,51.27
2017-12-04,-40.56,-207.6
2017-12-05,79.59,-122.2
2017-12-06,174.84,421.32
2017-12-07,663.45,-99.76
2017-12-08,763.11,-356.11
2017-12-11,71.62,-122.21
2017-12-12,-182.27,226.65
2017-12-13,-624.72,-45.33
2017-12-14,271.66,-160.21
2017-12-15,888.91,-475.08
2017-12-18,394.95,163.55
2017-12-19,926.18,-260.04
2017-12-20,32.06,159.35
2017-12-21,30.2,-10.43
2017-12-22,361.38,-632.64
2017-12-26,353.97,-66.49
2017-12-27,-249.09,506.11
2017-12-28,-229.98,-49.99
2017-12-29,749.85,-292.39
2018-01-02,-1673.19,542.08
2018-01-03,644.92,117.5
2018-01-04,-84.69,-761.69
2018-01-05,316.27,-432.23
2018-01-08,1239.23,-209.0
2018-01-09,-1142.8,543.76
2018-01-10,121.74,864.56
2018-01-11,601.2,526.77
2018-01-12,773.1,596.14
2018-01-15,1238.5,-482.15
2018-01-16,1130.39,820.39
2018-01-17,1665.3,-1383.28
2018-01-18,-570.67,-22.15
2018-01-19,1186.61,-907.21
2018-01-22,1090.16,460.96
2018-01-23,2128.76,-1488.21
2018-01-24,-52.51,-498.54
2018-01-25,-511.99,-137.56
2018-01-29,464.96,-1164.68
2018-01-30,-1183.98,207.75
2018-01-31,-2495.06,1380.77
2018-02-01,669.68,-152.33
2018-02-02,-3475.53,1041.83
2018-02-05,-39.24,1793.89
2018-02-06,-2249.22,1797.49
2018-02-07,-176.44,-648.08
2018-02-08,1125.02,-637.79
2018-02-09,-2069.68,733.19
2018-02-12,1148.1,-656.85
2018-02-14,-513.71,-359.91
2018-02-15,99.32,-1089.29
2018-02-16,-592.33,-600.54
2018-02-19,-195.33,1362.07
2018-02-20,-486.79,-1431.8
2018-02-21,265.43,-306.72
2018-02-22,-970.74,-202.73
2018-02-23,2712.99,-383.71
2018-02-26,615.55,-1613.04
2018-02-27,-646.39,72.49
2018-02-28,-501.19,115.48
2018-03-01,-109.57,1407.69
2018-03-05,-815.46,684.69
2018-03-06,-1724.41,579.52
2018-03-07,-505.59,319.15
2018-03-08,1340.52,-622.58
2018-03-09,-607.74,-707.78
2018-03-12,3095.76,-1463.37
2018-03-13,453.61,-359.38
2018-03-14,686.17,-411.34
2018-03-15,552.83,-682.98
2018-03-16,-2062.88,1479.74
2018-03-19,-2081.2,996.9
2018-03-20,1406.92,-1553.73
2018-03-21,834.87,-1724.87
2018-03-22,-1322.46,1276.61
2018-03-23,-2166.98,160.99
2018-03-26,1840.94,246.05
2018-03-27,-581.61,-1026.86
2018-03-28,85.43,1633.44
2018-04-02,1377.38,-1470.91
2018-04-03,2059.56,712.83
2018-04-04,-1197.96,366.14
2018-04-05,2877.06,-1553.13
2018-04-06,341.83,823.75
2018-04-09,1352.82,-993.06
2018-04-10,1363.32,22.4
2018-04-11,730.16,772.49
2018-04-12,-236.11,-320.28
2018-04-13,-83.79,-1098.12
2018-04-16,943.44,1165.23
2018-04-17,-1090.12,-164.34
2018-04-18,160.46,233.82
2018-04-19,472.33,-1058.12
2018-04-20,156.84,-445.18
2018-04-23,-1349.22,570.15
2018-04-24,1138.96,-179.09
2018-04-25,-447.16,954.08
2018-04-26,838.75,207.16
2018-04-27,829.37,260.95
2018-04-30,900.64,-213.59
2018-05-02,-1250.05,320.92
2018-05-03,-1161.37,-114.27
2018-05-04,-1473.92,-208.54
2018-05-07,2967.39,111.9
2018-05-08,1472.47,-749.83
2018-05-09,387.94,-943.35
2018-05-10,-872.98,-375.27
2018-05-11,2188.72,-867.26
2018-05-14,802.67,361.78
2018-05-15,1661.8,-854.7
2018-05-16,100.82,1109.67
2018-05-17,-1545.58,1012.06
2018-05-18,-959.66,469.4
2018-05-21,-1746.17,132.64
2018-05-22,1822.62,-142.22
2018-05-23,-927.4,282.46
2018-05-24,615.93,48.78
2018-05-25,290.4,-900.42
2018-05-28,1206.55,-523.69
2018-05-29,-911.09,625.88
2018-05-30,252.32,574.44
2018-05-31,981.91,-1031.13
2018-06-01,337.91,815.87
2018-06-04,-1979.05,685.59
2018-06-05,-1982.56,277.61
2018-06-06,2718.97,-1216.56
2018-06-07,549.3,-129.1
2018-06-08,-1166.84,-374.78
2018-06-11,716.19,-515.0
2018-06-12,600.34,57.85
2018-06-13,507.77,64.29
2018-06-14,-926.51,558.12
2018-06-15,41.13,207.72
2018-06-18,-620.22,14.22
2018-06-19,-1984.14,599.83
2018-06-20,254.45,-1099.78
2018-06-21,-236.98,343.13
2018-06-22,1714.83,-822.51
2018-06-25,-517.29,742.14
2018-06-26,426.96,-542.08
2018-06-27,-1249.51,899.25
2018-06-28,-1151.46,-673.47
2018-06-29,1893.89,440.76
2018-07-02,-1068.03,-37.85
2018-07-03,879.61,-112.37
2018-07-04,1875.87,-1245.38
2018-07-05,267.89,494.58
2018-07-06,212.94,43.44
2018-07-09,1889.51,-35.32
2018-07-10,446.76,-159.92
2018-07-11,-34.13,36.53
2018-07-12,1081.09,-603.24
2018-07-13,835.27,-20.98
2018-07-16,-1956.61,322.36
2018-07-17,1110.54,249.27
2018-07-18,76.24,-322.28
2018-07-19,1544.91,318.36
2018-07-20,1683.48,-454.5
2018-07-23,1415.67,-4.14
2018-07-24,1584.16,299.16
2018-07-25,623.17,-173.56
2018-07-26,46.84,-38.26
2018-07-27,2191.48,-879.45
2018-07-30,1346.83,597.59
2018-07-31,-197.6,-746.97
2018-08-01,-241.32,252.59
2018-08-02,-1735.28,1482.25
2018-08-03,1866.77,-750.69
2018-08-06,-729.69,-963.11
2018-08-07,241.72,-1295.04
2018-08-08,1556.92,-493.62
2018-08-09,2703.5,1249.16
2018-08-10,-674.85,205.58
2018-08-13,-221.2,1505.85
2018-08-14,-180.38,-1595.9
2018-08-16,-1123.05,677.91
2018-08-17,1501.77,77.31
2018-08-20,159.44,-1919.29
2018-08-21,892.18,-621.25
2018-08-23,-1360.25,10.23
2018-08-24,262.7,92.86
2018-08-27,1406.84,-970.73
2018-08-28,319.27,-1107.43
2018-08-29,-1131.48,610.5
2018-08-30,47.53,197.7
2018-08-31,-698.83,-132.67
2018-09-03,-2893.24,737.31
2018-09-04,268.05,-482.68
2018-09-05,-1003.88,479.68
2018-09-06,1723.16,-660.7
2018-09-07,159.49,-1520.69
2018-09-10,-1876.84,2202.46
2018-09-11,-1766.95,974.12
2018-09-12,1336.58,-554.17
2018-09-14,1307.14,-464.48
2018-09-17,-1621.14,905.8
2018-09-18,-2034.72,1433.7
2018-09-19,-93.96,-35.51
2018-09-21,-466.99,310.64
2018-09-24,-2951.63,726.74
2018-09-25,40.07,-401.26
2018-09-26,-1558.37,-644.56
2018-09-27,-2591.4,465.71
2018-09-28,-756.32,125.77
2018-10-01,286.41,-1237.51
2018-10-03,-1696.31,691.96
2018-10-04,-3340.66,1257.81
2018-10-05,-3866.37,2783.05
2018-10-08,899.08,-477.18
2018-10-09,-488.39,196.24
2018-10-10,2321.93,-1353.38
2018-10-11,-3356.24,1743.75
2018-10-12,2740.93,-2352.5
2018-10-15,-468.48,-1246.63
2018-10-16,117.95,-419.78
2018-10-17,-2535.96,1241.35
2018-10-19,-2119.27,-108.45
2018-10-22,-357.5,910.85
2018-10-23,-2186.8,972.82
2018-10-24,509.96,-517.57
2018-10-25,-2413.2,-343.45
2018-10-26,-1693.06,628.74
2018-10-29,3004.58,-2361.84
2018-10-30,-1067.41,545.32
2018-10-31,2734.4,-1274.53
2018-11-01,-591.39,747.43
2018-11-02,1611.26,-954.16
2018-11-05,474.21,494.65
2018-11-06,-66.37,-359.74
2018-11-07,1751.43,-1340.97
2018-11-09,-914.42,-145.12
2018-11-12,-531.34,957.65
2018-11-13,709.25,-903.83
2018-11-14,-548.63,-381.93
2018-11-15,1307.15,-1109.54
2018-11-16,2132.01,34.22
2018-11-19,1958.36,-847.87
2018-11-20,-1606.41,-112.91
2018-11-21,-1183.89,691.39
2018-11-22,-65.21,-145.67
2018-11-26,1177.17,-816.43
2018-11-27,-242.41,-47.41
2018-11-28,64.13,-420.8
2018-11-29,1476.48,-1381.32
2018-11-30,244.05,-254.03
2018-12-03,-182.36,-485.35
2018-12-04,43.25,1090.37
2018-12-05,-1090.17,1195.21
2018-12-06,-3570.98,1358.81
2018-12-07,486.5,-1540.92
2018-12-10,-3433.56,2154.66
2018-12-11,1580.61,-288.25
2018-12-12,1530.06,-1457.56
2018-12-13,979.94,-271.51
2018-12-14,-1189.63,-630.8
2018-12-17,1102.74,-253.63
2018-12-18,-1366.74,-237.45
2018-12-19,913.06,106.88
2018-12-20,306.29,456.22
2018-12-21,-3307.76,209.1
2018-12-24,-1557.11,1232.14
2018-12-26,1978.41,-40.33
2018-12-27,1020.29,-121.36
2018-12-28,697.5,-635.33
2018-12-31,1288.4,-583.83
2019-01-02,243.77,290.44
2019-01-03,-677.23,-8.44
2019-01-04,1213.86,-829.28
2019-01-07,-439.91,-179.65
2019-01-08,1179.74,-718.28
2019-01-09,-388.3,-423.09
2019-01-10,-529.19,560.8
2019-01-11,342.8,149.05
2019-01-14,594.72,533.0
2019-01-15,1824.45,-2009.07
2019-01-16,-148.77,-225.94
2019-01-17,925.46,174.87
2019-01-18,-860.46,91.32
2019-01-21,1258.66,539.31
2019-01-22,130.6,724.02
2019-01-23,-1208.05,859.55
2019-01-24,1190.55,-926.38
2019-01-25,-1219.47,15.15
2019-01-28,-1371.39,1566.01
2019-01-29,-579.27,-1368.41
2019-01-30,-314.8,550.9
2019-01-31,2926.04,-1004.5
2019-02-01,658.35,-1201.59
2019-02-04,642.58,-628.62
2019-02-05,1941.85,190.41
2019-02-06,1321.83,-1245.49
2019-02-07,24.53,-190.82
2019-02-08,-867.08,964.2
2019-02-11,-1299.85,1509.83
2019-02-12,-753.73,856.66
2019-02-14,-1638.16,808.86
2019-02-15,-68.86,-982.69
2019-02-18,344.26,1357.99
2019-02-19,-813.84,-403.39
2019-02-20,2115.11,-875.2
2019-02-21,1026.84,-265.1
2019-02-22,404.72,855.87
2019-02-25,1655.49,-1244.5
2019-02-26,404.28,1293.19
2019-02-27,1967.43,-475.79
2019-02-28,-14.25,-1151.05
2019-03-01,1401.66,-822.32
2019-03-05,3154.05,-1320.5
2019-03-06,-372.01,-730.2
2019-03-07,-1411.04,415.37
2019-03-08,-1858.08,171.71
2019-03-11,244.69,-1093.71
2019-03-12,3020.9,-677.79
2019-03-13,-110.07,-287.5
2019-03-14,34.01,273.33
2019-03-15,80.35,-197.21
2019-03-18,-1564.25,-609.95
2019-03-19,552.47,-79.34
2019-03-20,-130.66,-769.52
2019-03-22,-1573.95,536.81
2019-03-25,-1403.26,324.5
2019-03-26,1343.58,-434.4
2019-03-27,-887.26,196.64
2019-03-28,3265.06,-1673.01
2019-04-01,-103.44,-172.57
2019-04-02,57.25,-474.06
2019-04-03,-1472.69,287.53
2019-04-04,606.96,777.25
2019-04-05,1525.49,-1289.15
2019-04-08,-1653.49,-1308.39
2019-04-09,264.83,138.09
2019-04-10,-738.71,430.3
2019-04-11,143.84,-493.61
2019-04-12,758.27,157.18
2019-04-15,-607.72,-122.31
2019-04-16,1941.39,-870.09
2019-04-18,88.39,1907.36
2019-04-22,-2099.26,1246.49
2019-04-23,-792.88,228.42
2019-04-24,2291.48,-856.23
2019-04-25,-1843.78,663.32
2019-04-26,2550.68,-457.84
2019-04-30,638.54,-100.73
2019-05-02,263.65,316.95
2019-05-03,-873.1,271.07
2019-05-06,-2203.78,350.28
2019-05-07,-1155.82,827.26
2019-05-08,-2698.13,1535.49
2019-05-09,-332.26,-42.2
2019-05-10,-1457.11,65.02
2019-05-13,-2072.66,936.99
2019-05-14,721.32,-1701.3
2019-05-15,-1160.75,251.37
2019-05-16,1821.03,-1091.81
2019-05-17,3258.42,-2146.69
2019-05-20,6520.69,-2903.25
2019-05-21,-866.32,803.38
2019-05-22,1223.62,-416.89
2019-05-23,-1857.16,1368.9
2019-05-24,2321.8,-1070.52
2019-05-27,1947.46,-1129.87
2019-05-28,496.93,-379.09
2019-05-29,-949.81,468.71
2019-05-30,-52.74,-1003.51
2019-05-31,723.24,676.75
2019-06-03,2038.31,-896.77
2019-06-04,-1050.8,1229.01
2019-06-06,-2370.01,1248.98
2019-06-07,1200.21,-636.77
2019-06-10,1826.8,-1247.13
2019-06-11,1761.95,-493.47
2019-06-12,-926.65,-761.69
2019-06-13,-242.2,-673.33
2019-06-14,-1598.29,488.89
2019-06-17,-1199.26,1083.36
2019-06-18,479.42,-781.64
2019-06-19,-661.2,1079.55
2019-06-20,1248.63,93.71
2019-06-21,-1547.06,683.76
2019-06-24,489.97,919.54
2019-06-25,1157.95,-853.48
2019-06-26,607.83,-122.11
2019-06-27,592.51,40.52
2019-06-28,-203.4,1316.8
2019-07-01,1262.54,-301.29
2019-07-02,-574.1,-1860.98
2019-07-03,372.52,-97.51
2019-07-04,-8.47,-42.69
2019-07-05,-1747.85,1527.94
2019-07-08,-3142.78,1155.53
2019-07-09,707.6,-112.76
2019-07-10,-344.98,83.49
2019-07-11,608.39,-497.38
2019-07-12,-384.07,484.74
2019-07-15,263.99,-1334.56
2019-07-16,636.51,-4.26
2019-07-17,97.23,-307.96
2019-07-18,-422.99,154.2
2019-07-19,-3454.92,1052.53
2019-07-22,-1322.69,-99.97
2019-07-23,-331.83,395.05
2019-07-24,-797.93,579.67
2019-07-25,1105.21,-78.31
2019-07-26,637.34,-519.82
2019-07-29,-1898.91,281.13
2019-07-30,-1750.59,911.44
2019-07-31,2202.92,-650.18
2019-08-01,-2174.31,893.05
2019-08-02,533.87,39.62
2019-08-05,-874.87,-536.86
2019-08-06,-607.46,-888.89
2019-08-07,-447.78,-304.01
2019-08-08,189.35,-879.83
2019-08-09,1232.38,-1178.94
2019-08-13,-3220.79,658.97
2019-08-14,1504.54,-1086.61
2019-08-16,620.78,-1837.89
2019-08-19,-559.81,-717.05
2019-08-20,-692.99,-72.46
2019-08-21,-740.0,-446.41
2019-08-22,-2402.31,1553.21
2019-08-23,2621.38,-903.51
2019-08-26,3408.35,-2664.82
2019-08-27,-1149.63,184.7
2019-08-28,-804.46,1107.25
2019-08-29,-2358.12,975.98
2019-08-30,2428.49,-261.61
2019-09-03,-2859.03,1538.37
2019-09-04,-528.73,488.63
2019-09-05,-413.19,280.21
2019-09-06,186.97,-1387.3
2019-09-09,1855.35,-597.9
2019-09-11,1535.07,-269.49
2019-09-12,-2100.46,894.76
2019-09-13,829.12,-216.56
2019-09-16,-961.6,-435.61
2019-09-17,-2410.98,2584.83
2019-09-18,689.37,-194.33
2019-09-19,-1073.23,1066.27
2019-09-20,6149.13,-4644.31
2019-09-23,4512.72,-1547.4
2019-09-24,-782.22,932.28
2019-09-25,-1984.52,425.21
2019-09-26,2465.85,-1030.89
2019-09-27,-192.6,206.06
2019-09-30,-539.34,543.37
2019-10-01,-1279.28,-448.59
2019-10-03,-1447.02,860.69
2019-10-04,-1945.27,608.84
2019-10-07,-1667.93,-323.34
2019-10-09,1003.33,-1320.61
2019-10-10,-1492.95,-57.89
2019-10-11,890.2,-252.26
2019-10-14,2048.9,-1146.63
2019-10-15,2022.19,7.53
2019-10-16,-115.74,-112.35
2019-10-17,1257.65,-689.02
2019-10-18,2109.29,-125.36
2019-10-22,-563.93,214.51
2019-10-23,-909.17,-227.02
2019-10-24,627.04,-777.34
2019-10-25,-774.47,67.34
2019-10-29,1889.5,-1789.51
2019-10-30,410.87,-1183.65
2019-10-31,-308.22,210.87
2019-11-01,-814.46,-1041.76
2019-11-04,167.06,119.38
2019-11-05,-450.42,-127.39
2019-11-06,648.13,-1354.86
2019-11-07,947.66,-58.25
2019-11-08,-1604.42,1252.27
2019-11-11,-778.86,643.37
2019-11-13,-803.26,257.63
2019-11-14,386.04,-264.83
2019-11-15,1210.24,-793.52
2019-11-18,-709.97,690.82
2019-11-19,255.1,189.45
2019-11-20,2015.78,-611.68
2019-11-21,127.25,-500.33
2019-11-22,-110.73,458.05
2019-11-25,2360.96,-1390.43
2019-11-26,-1693.68,525.89
2019-11-27,-762.52,-582.93
2019-11-28,1331.27,-197.55
2019-11-29,287.29,1202.05
2019-12-02,-588.09,65.22
2019-12-03,-707.83,-613.16
2019-12-04,-92.5,-642.85
2019-12-05,-1836.05,182.94
2019-12-06,-1396.2,-399.04
2019-12-09,504.48,328.87
2019-12-10,-843.76,312.58
2019-12-11,1118.52,70.66
2019-12-12,1006.98,-882.98
2019-12-13,1647.09,-2.53
2019-12-16,-853.91,1461.98
2019-12-17,987.69,-671.51
2019-12-18,194.16,-215.3
2019-12-19,-839.67,-561.12
2019-12-20,-671.05,7.18
2019-12-23,635.22,442.91
2019-12-24,-2368.34,1520.04
2019-12-26,-859.22,74.44
2019-12-27,1592.92,-631.82
2019-12-30,-377.04,57.2
2019-12-31,-1525.29,292.23
2020-01-01,-341.52,-946.2
2020-01-02,1336.96,-262.61
2020-01-03,-292.26,831.16
2020-01-06,-2622.62,1113.3
2020-01-07,1378.94,-1189.1
2020-01-08,-1019.0,-406.77
2020-01-09,3186.91,-622.76
2020-01-10,867.69,392.05
2020-01-13,230.86,-236.0
2020-01-14,304.55,308.91
2020-01-15,-316.96,-115.7
2020-01-16,553.94,451.57
2020-01-17,-539.51,-17.52
2020-01-20,-2345.76,-722.87
2020-01-21,-520.85,700.94
2020-01-22,-579.33,-781.8
2020-01-23,646.87,-1786.01
2020-01-24,1863.46,-1069.73
2020-01-27,-641.33,1358.96
2020-01-28,-1457.69,-288.55
2020-01-29,1179.77,-965.09
2020-01-30,-1081.88,289.68
2020-01-31,-2254.38,-879.02
2020-02-03,-3017.54,1256.84
2020-02-04,3066.81,-1323.29
2020-02-05,2251.16,-849.06
2020-02-06,350.05,-2.66
2020-02-07,-1507.08,378.58
2020-02-10,-414.91,822.55
2020-02-11,-500.06,-933.07
2020-02-12,497.16,-518.0
2020-02-13,34.16,1061.23
2020-02-14,-1125.25,78.47
2020-02-17,24.54,596.8
2020-02-18,287.02,505.09
2020-02-19,800.71,-1634.15
2020-02-20,-1720.92,675.88
2020-02-24,-2230.63,2670.66
2020-02-25,232.9,897.42
2020-02-26,-1953.08,65.19
2020-02-27,57.0,540.89
2020-02-28,-5483.83,3014.63
2020-03-02,-681.57,1232.27
2020-03-03,3269.19,-822.44
2020-03-04,-59.69,655.46
2020-03-05,-105.9,333.95
2020-03-06,-4766.92,2492.86
2020-03-09,-5778.95,3843.19
2020-03-11,-534.12,282.16
2020-03-12,-7838.02,5269.6
2020-03-13,6025.29,-3201.63
2020-03-16,-5856.66,5709.87
2020-03-17,-3460.21,1303.85
2020-03-18,-5885.56,3892.16
2020-03-19,-2994.64,2825.01
2020-03-20,5004.53,-3728.58
2020-03-23,-9055.65,9018.84
2020-03-24,3041.63,-2691.86
2020-03-25,8576.18,-4720.76
2020-03-26,5675.1,-2690.18
2020-03-27,844.19,-3.8
2020-03-30,-6494.29,3241.82
2020-03-31,4845.41,-2233.14
2020-04-01,-8546.79,2438.99
2020-04-03,-3222.92,997.06
2020-04-07,5855.92,-6365.98
2020-04-08,-480.03,-168.06
2020-04-09,5522.41,-2468.56
2020-04-13,-1571.05,2216.71
2020-04-15,-258.18,1258.21
2020-04-16,93.51,-108.89
2020-04-17,4529.66,-2615.34
2020-04-20,46.69,606.79
2020-04-21,-4165.58,1743.52
2020-04-22,3994.76,-2101.51
2020-04-23,2229.51,-1215.51
2020-04-24,-2732.89,1744.12
2020-04-27,1315.56,119.27
2020-04-28,227.55,-1155.28
2020-04-29,3035.11,-1028.14
2020-04-30,4737.89,-2441.06
2020-05-04,-8512.54,4169.72
2020-05-05,-373.85,1212.98
2020-05-06,1718.66,-1111.71
2020-05-07,-1222.06,400.98
2020-05-08,101.05,-211.53
2020-05-11,-602.66,492.95
2020-05-12,-1495.08,1377.64
2020-05-13,2377.81,-1393.45
2020-05-14,-3255.39,1582.26
2020-05-15,542.55,-689.11
2020-05-18,-4059.29,2582.68
2020-05-19,502.16,-654.25
2020-05-20,3773.4,-1934.03
2020-05-21,94.79,-461.33
2020-05-22,-1986.36,1644.15
2020-05-26,-594.06,583.6
2020-05-27,4906.78,-2965.56
2020-05-28,2815.99,-939.83
2020-05-29,1284.5,3.02
2020-06-01,4615.45,-1373.31
2020-06-02,1990.09,-1815.32
2020-06-03,779.15,-501.93
2020-06-04,-74.44,-1061.06
2020-06-05,1684.76,-750.57
2020-06-08,166.02,587.68
2020-06-09,-1465.82,1677.19
2020-06-10,875.69,43.66
2020-06-11,-1949.07,2374.7
2020-06-12,254.93,-689.22
2020-06-15,-2653.37,1490.8
2020-06-16,2047.82,-1269.86
2020-06-17,-446.14,-963.45
2020-06-18,4276.94,-1905.16
2020-06-19,2312.34,-1321.01
2020-06-22,1837.61,-2191.55
2020-06-23,2312.2,-1225.82
2020-06-24,-2713.93,2222.59
2020-06-25,-904.2,582.43
2020-06-26,1639.05,70.98
2020-06-29,-1520.32,70.18
2020-06-30,672.22,330.11
2020-07-01,704.27,-1255.07
2020-07-02,2039.3,-372.1
2020-07-03,281.67,-2144.1
2020-07-06,2602.69,-1837.33
2020-07-07,-1011.32,-1950.24
2020-07-08,-693.73,729.28
2020-07-09,1339.76,78.91
2020-07-10,-151.78,1284.67
2020-07-13,-561.87,-262.07
2020-07-14,-3925.06,1218.63
2020-07-15,-33.02,299.25
2020-07-16,1754.1,-485.92
2020-07-17,2786.67,163.41
2020-07-20,1421.53,-1393.61
2020-07-21,2090.49,-1434.33
2020-07-22,713.02,29.29
2020-07-23,692.14,-840.95
2020-07-24,253.94,47.79
2020-07-27,-1316.74,1416.96
2020-07-28,1631.76,-1115.61
2020-07-29,-807.61,-330.38
2020-07-30,-988.11,41.09
2020-07-31,229.32,-383.71
2020-08-03,-1943.76,1895.17
2020-08-04,3450.77,-1251.55
2020-08-05,-86.95,-389.12
2020-08-06,2434.16,-1085.14
2020-08-07,-591.65,306.15
2020-08-10,153.3,-945.24
2020-08-11,-385.96,-638.12
2020-08-12,-248.83,239.25
2020-08-13,608.02,368.87
2020-08-14,-1763.22,691.12
2020-08-17,1304.47,302.61
2020-08-18,1938.54,-1203.38
2020-08-19,-440.96,-1018.97
2020-08-20,-765.16,979.22
2020-08-21,1220.66,-471.01
2020-08-24,2306.35,-916.05
2020-08-25,792.32,-61.18
2020-08-26,555.09,-150.16
2020-08-27,432.56,151.52
2020-08-28,1207.44,-595.98
2020-08-31,-1558.33,2385.36
2020-09-01,1632.13,-477.93
2020-09-02,1602.12,-112.58
2020-09-03,-78.52,-133.05
2020-09-04,-2579.9,-642.65
2020-09-07,438.53,-433.37
2020-09-08,696.48,260.62
2020-09-09,-1413.26,230.84
2020-09-10,1493.07,-854.79
2020-09-11,417.35,475.13
2020-09-14,-912.41,180.03
2020-09-15,48.13,-115.05
2020-09-16,1466.46,-241.17
2020-09-17,-1142.09,820.52
2020-09-18,1058.03,-98.44
2020-09-21,-3212.85,1006.74
2020-09-22,-1943.12,704.65
2020-09-23,534.76,-7.17
2020-09-24,-4573.78,1954.29
2020-09-25,2995.8,-1521.45
2020-09-28,1283.79,-434.8
2020-09-29,-567.86,467.54
2020-09-30,-616.35,233.23
2020-10-01,2763.12,-899.06
2020-10-05,389.33,-417.84
2020-10-06,1186.68,-1188.64
2020-10-07,1755.34,-13.62
2020-10-08,1234.89,-1196.63
2020-10-09,1493.1,-492.83
2020-10-12,-1529.35,364.14
2020-10-13,26.45,699.16
2020-10-14,-362.07,-2135.71
2020-10-15,-3433.23,1996.21
2020-10-16,-213.66,-1114.27
2020-10-19,3476.83,-888.57
2020-10-20,848.27,-540.42
2020-10-21,-1052.67,-359.69
2020-10-22,-716.9,18.92
2020-10-23,341.45,-55.15
2020-10-26,-2156.95,263.78
2020-10-27,1915.28,-1944.94
2020-10-28,-3553.86,1451.55
2020-10-29,-371.68,341.53
2020-10-30,-1411.59,-242.24
2020-11-02,147.59,-1129.86
2020-11-03,1301.26,-536.37
2020-11-04,2276.73,-854.78
2020-11-05,3235.21,-2482.36
2020-11-06,2267.44,-1368.8
2020-11-09,2646.2,-1356.5
2020-11-10,3037.29,-1548.15
2020-11-11,1872.61,-868.66
2020-11-12,-805.25,232.95
2020-11-13,-289.71,-180.73
2020-11-17,1772.01,-764.75
2020-11-18,809.64,105.67
2020-11-19,-1238.27,335.08
2020-11-20,1677.48,-1224.75
2020-11-23,1227.11,-21.27
2020-11-24,59.96,-690.94
2020-11-25,-2611.97,675.04
2020-11-26,2513.32,-1142.3
2020-11-27,-813.26,149.65
2020-12-01,2134.6,-895.19
2020-12-02,928.56,291.69
2020-12-03,-1403.17,-432.92
2020-12-04,1002.22,-424.18
2020-12-07,-868.94,979.57
2020-12-08,816.07,-119.57
2020-12-09,2411.04,643.76
2020-12-10,89.83,850.9
2020-12-11,493.65,-282.73
2020-12-14,134.88,-741.53
2020-12-15,-407.95,-863.99
2020-12-16,1212.83,-1645.67
2020-12-17,779.03,-339.72
2020-12-18,326.89,-421.62
2020-12-21,-2403.1,3171.44
2020-12-22,618.54,-636.25
2020-12-23,1045.52,-1359.45
2020-12-24,628.83,-557.61
2020-12-28,841.22,-95.43
2020-12-29,1387.58,503.23
2020-12-30,-107.98,19.56
2020-12-31,472.19,-283.43
2021-01-01,-369.13,1537.16
2021-01-04,2789.45,-460.94
2021-01-05,180.6,-2170.0
2021-01-06,-1979.21,413.69
2021-01-07,-1785.08,82.56
2021-01-08,1921.41,-3571.14
2021-01-11,3881.48,-713.01
2021-01-12,1042.18,-2036.31
2021-01-13,-1512.28,-462.34
2021-01-14,1600.15,797.21
2021-01-15,-4072.5,279.66
2021-01-18,-2765.83,595.56
2021-01-19,4261.04,-928.88
2021-01-20,3793.15,-1086.67
2021-01-21,-3021.26,810.37
2021-01-22,-2897.67,1795.07
2021-01-25,-749.58,2939.42
2021-01-27,-3222.55,3225.36
2021-01-28,-2339.61,3307.37
2021-01-29,-3301.04,1384.58
2021-02-01,6187.58,-6827.26
2021-02-02,5766.23,-4022.95
2021-02-03,4555.16,-4084.67
2021-02-04,4445.75,274.84
2021-02-05,-113.65,364.07
2021-02-08,3855.16,-449.23
2021-02-09,1345.02,-1615.58
2021-02-10,825.3,-218.96
2021-02-11,1450.83,-1537.09
2021-02-12,2424.49,1346.93
2021-02-15,1885.74,-3099.23
2021-02-16,-603.0,533.65
2021-02-17,-1687.89,2527.86
2021-02-18,-589.41,2050.63
2021-02-19,-2232.13,-305.95
2021-02-22,-6422.0,4336.33
2021-02-23,578.89,275.62
2021-02-24,5114.83,-4032.25
2021-02-25,2124.75,-784.03
2021-02-26,-12274.24,5362.5
2021-03-01,3389.42,-1056.21
2021-03-02,2760.21,142.36
2021-03-03,8858.53,-3379.96
2021-03-04,-4756.55,-881.14
2021-03-05,-5045.79,-229.74
2021-03-08,2431.22,-42.77
2021-03-09,3436.74,-4090.67
2021-03-10,-278.92,305.48
2021-03-12,-2413.69,1245.28
2021-03-15,-1177.56,2975.37
2021-03-16,-714.36,274.64
2021-03-17,-3516.83,4773.4
2021-03-18,-6479.93,2485.31
2021-03-19,3663.88,-1237.92
2021-03-22,-1140.69,18.56
2021-03-23,2662.14,2937.98
2021-03-24,-4161.3,1669.0
2021-03-25,-5264.7,1770.43
2021-03-26,1126.44,-2306.06
2021-03-30,8084.69,-5021.8
2021-03-31,-1547.49,2145.43
2021-04-01,2506.02,-1973.52
2021-04-05,-2234.48,3196.24
2021-04-06,949.8,-753.53
2021-04-07,2884.34,-1998.83
2021-04-08,-2048.75,1896.43
2021-04-09,-552.63,870.58
2021-04-12,-10684.54,4416.7
2021-04-13,3787.97,-3952.7
2021-04-15,5000.98,-2274.09
2021-04-16,-799.06,-902.75
2021-04-19,-3370.98,2668.96
2021-04-20,-3171.45,2163.83
2021-04-22,3399.53,-505.39
2021-04-23,-275.84,3547.95
2021-04-26,6282.6,-2326.54
2021-04-27,5916.32,-1280.44
2021-04-28,5078.8,-4195.8
2021-04-29,356.96,-1281.66
2021-04-30,-4071.16,3941.92
2021-05-03,-3049.18,-57.72
2021-05-04,-1139.04,1186.9
2021-05-05,3604.88,-834.25
2021-05-06,2707.41,-1423.04
2021-05-07,178.9,-2347.72
2021-05-10,3476.46,-1182.86
2021-05-11,-2046.83,410.86
2021-05-12,-3573.79,2814.3
2021-05-14,-884.59,-1418.41
2021-05-17,6130.21,-2753.22
2021-05-18,3765.13,70.08
2021-05-19,-1578.67,1120.94
2021-05-20,-4245.42,974.91
2021-05-21,6333.23,-4575.92
2021-05-24,744.1,-100.47
2021-05-25,274.13,1138.49
2021-05-26,2336.16,856.43
2021-05-27,-776.74,-193.71
2021-05-28,2039.63,-2239.57
2021-05-31,4294.37,1359.64
2021-06-01,-178.57,682.55
2021-06-02,152.79,-869.31
2021-06-03,-532.61,-1946.2
2021-06-04,-2472.24,2237.08
2021-06-07,1385.71,-1194.29
2021-06-08,1113.74,-1236.11
2021-06-09,-3146.79,1079.93
2021-06-10,3507.94,-380.37
2021-06-11,1546.73,-493.38
2021-06-14,837.71,123.31
2021-06-15,-455.89,-489.24
2021-06-16,-3533.12,1058.59
2021-06-17,-2169.82,3771.68
2021-06-18,-213.76,-1608.13
2021-06-21,1006.71,19.24
2021-06-22,3010.16,-957.4
2021-06-23,-4005.57,1796.17
2021-06-24,-91.55,-1513.06
2021-06-25,941.58,-747.56
2021-06-28,170.28,-388.63
2021-06-29,-1667.34,611.25
2021-06-30,-288.99,374.09
2021-07-01,-137.9,1408.56
2021-07-02,1396.35,140.6
2021-07-05,-233.38,-1009.71
2021-07-06,414.24,1027.24
2021-07-07,125.96,-1373.09
2021-07-08,-3728.03,2077.14
2021-07-09,824.08,-125.58
2021-07-12,1415.48,121.41
2021-07-13,2102.87,-1398.31
2021-07-14,1909.18,-3.94
2021-07-15,4743.06,-1687.33
2021-07-16,762.08,-627.51
2021-07-19,-4525.6,1597.8
2021-07-20,-2085.07,4647.36
2021-07-22,3407.55,-3198.1
2021-07-23,1016.19,-2792.9
2021-07-26,-735.81,318.17
2021-07-27,-286.82,1907.71
2021-07-28,-1461.22,172.2
2021-07-29,169.45,-2012.99
2021-07-30,172.03,-1381.9
2021-08-02,1701.86,-2356.11
2021-08-03,5462.81,-157.43
2021-08-04,429.09,-3414.36
2021-08-05,473.23,-311.44
2021-08-06,-710.38,-16.4
2021-08-09,69.46,255.8
2021-08-10,1963.82,-2547.64
2021-08-11,-513.78,236.76
2021-08-12,136.65,1320.59
2021-08-13,2066.23,-1559.22
2021-08-16,1450.24,-1017.65
2021-08-17,-1836.18,-981.23
2021-08-18,718.08,8.77
2021-08-20,-3412.52,2182.24
2021-08-23,341.79,-1031.17
2021-08-24,2554.69,-240.35
2021-08-25,3753.94,902.0
2021-08-26,1780.34,-627.45
2021-08-27,-307.22,-540.99
2021-08-30,4216.71,-3322.19
2021-08-31,3301.19,-1302.89
2021-09-01,-439.13,1095.01
2021-09-02,3210.48,-1995.43
2021-09-03,786.22,-2217.28
2021-09-06,3615.79,-453.17
2021-09-07,-608.34,-979.02
2021-09-08,4254.89,-1213.7
2021-09-09,-370.99,362.86
2021-09-13,659.39,1269.98
2021-09-14,3138.36,393.92
2021-09-15,823.02,-1511.87
2021-09-16,2346.24,1539.63
2021-09-17,-2851.4,1820.44
2021-09-20,-2941.64,2611.15
2021-09-21,2694.06,-2434.45
2021-09-22,864.1,916.42
2021-09-23,6182.04,-2377.94
2021-09-24,-390.56,-2125.13
2021-09-27,1260.99,492.7
2021-09-28,-3238.08,248.41
2021-09-29,-1330.59,-1464.36
2021-09-30,-2804.34,-571.69
2021-10-01,-2084.81,-153.39
2021-10-04,283.63,1065.04
2021-10-05,4101.11,-2045.97
2021-10-06,-2559.01,1984.78
2021-10-07,4240.72,-2209.37
2021-10-08,3406.25,-1541.53
2021-10-11,-1153.01,443.57
2021-10-12,2705.11,2721.0
2021-10-13,1031.69,-576.94
2021-10-14,2305.73,-520.19
2021-10-18,59.98,-2648.18
2021-10-19,-2110.4,568.05
2021-10-20,-3439.81,2029.96
2021-10-21,86.87,1446.23
2021-10-22,1385.18,1020.49
2021-10-25,-1651.46,1549.11
2021-10-26,1459.11,-90.92
2021-10-27,1417.15,1019.75
2021-10-28,-8070.94,1811.5
2021-10-29,-1133.94,1356.08
2021-11-01,4499.26,-1279.36
2021-11-02,363.47,675.07
2021-11-03,-1315.02,125.81
2021-11-04,2760.86,-72.72
2021-11-08,2154.96,28.08
2021-11-09,-597.03,-820.26
2021-11-10,-1588.2,-949.62
2021-11-11,-2799.66,2675.99
2021-11-12,2638.54,-1696.92
2021-11-15,-874.01,-367.88
2021-11-16,-4091.46,648.55
2021-11-17,-1966.45,1486.29
2021-11-18,-1908.54,-316.34
2021-11-22,-4254.71,3192.87
2021-11-23,1792.7,-758.57
2021-11-24,-2290.04,1018.07
2021-11-25,2801.22,-3140.19
2021-11-26,-9529.52,4054.75
2021-11-29,868.8,1189.7
2021-11-30,-2402.19,24.74
2021-12-01,2476.19,-2584.33
2021-12-02,3581.59,-1126.22
2021-12-03,-5114.06,2280.03
2021-12-06,-7515.13,1807.53
2021-12-07,4196.73,-335.65
2021-12-08,4706.08,-5200.63
2021-12-09,-2189.51,-363.57
2021-12-10,825.63,498.06
2021-12-13,-2199.36,2620.07
2021-12-14,-1558.16,1448.28
2021-12-15,-4240.24,-189.83
2021-12-16,-2240.22,-564.99
2021-12-17,-4647.23,2425.84
2021-12-20,-6459.94,2163.32
2021-12-21,2543.25,-3211.24
2021-12-22,5346.99,-2015.43
2021-12-23,1339.46,870.33
2021-12-24,-3073.2,-745.79
2021-12-27,-188.77,-809.23
2021-12-28,3228.47,-402.9
2021-12-29,3515.91,-2528.28
2021-12-30,744.92,-584.46
2021-12-31,1737.83,-2052.45
2022-01-03,3332.84,-326.57
2022-01-04,4319.51,-1500.2
2022-01-05,4048.4,-2825.97
2022-01-06,-4997.68,-1112.75
2022-01-07,80.13,-370.59
2022-01-10,3364.38,-1425.84
2022-01-11,-1242.59,526.79
2022-01-12,2961.38,-421.3
2022-01-13,-2090.46,-0.55
2022-01-14,-1815.34,-459.94
2022-01-17,1661.82,-320.82
2022-01-18,-4473.42,1605.58
2022-01-19,-5189.98,2826.66
2022-01-20,-3341.65,2859.12
2022-01-21,-3152.52,553.07
2022-01-24,-9116.65,5036.59
2022-01-25,1189.9,-353.51
2022-01-27,-3487.2,-914.4
2022-01-28,-999.27,-1343.03
2022-01-31,4224.07,-3515.1
2022-02-01,5489.34,-2159.48
2022-02-02,3200.96,-946.61
2022-02-03,-2262.81,1830.22
2022-02-04,-1906.77,-1753.78
2022-02-07,-6213.41,1851.51
2022-02-08,1086.9,-877.33
2022-02-09,4455.55,-2447.4
2022-02-10,2354.61,200.7
2022-02-11,-3425.15,1896.9
2022-02-14,-10087.78,3832.56
2022-02-15,7801.82,-5188.08
2022-02-16,610.52,-4.78
2022-02-17,-2329.46,2274.21
2022-02-18,-10.65,-1443.03
2022-02-21,-1872.24,737.8
2022-02-22,561.42,-332.0
2022-02-23,955.95,1933.44
2022-02-24,-8518.26,6834.14
2022-02-25,6024.03,-4033.4
2022-02-28,2385.33,-428.53
2022-03-02,-1722.21,781.03
2022-03-03,-4900.26,949.14
2022-03-04,-4154.8,2596.86
2022-03-07,-7548.02,3678.71
2022-03-08,5115.6,-963.14
2022-03-09,5657.83,-3709.18
2022-03-10,4325.44,-326.02
2022-03-11,367.7,-345.08
2022-03-14,3621.3,-853.6
2022-03-15,-764.18,2392.7
2022-03-16,5747.69,-2767.63
2022-03-17,1932.14,-1860.12
2022-03-21,-2739.41,1984.34
2022-03-22,2401.17,-2195.53
2022-03-23,-1826.72,1831.04
2022-03-24,-966.51,2698.38
2022-03-25,-568.67,-923.34
2022-03-28,1013.97,-1385.4
2022-03-29,-1492.12,1019.64
2022-03-30,4049.45,-857.52
2022-03-31,-326.24,-1371.25
2022-04-01,2807.96,-756.56
2022-04-04,4924.72,-6288.9
2022-04-05,-1935.93,627.52
2022-04-06,-2298.41,2125.1
2022-04-07,-1875.51,1726.48
2022-04-08,4255.92,-3054.08
2022-04-11,-1088.58,1674.57
2022-04-12,-4314.49,-575.87
2022-04-13,-2054.16,-326.23
2022-04-18,-4054.23,1854.73
2022-04-19,-5040.28,1143.92
2022-04-20,4825.02,-1557.88
2022-04-21,4213.63,-2373.26
2022-04-22,-1867.85,1003.96
2022-04-25,-1835.27,2156.86
2022-04-26,4127.41,817.06
2022-04-27,-4415.89,991.79
2022-04-28,1789.91,-676.32
2022-04-29,54.81,3243.39
2022-05-02,1249.15,56.24
2022-05-04,-7428.72,1435.02
2022-05-05,3144.66,517.35
2022-05-06,-5618.46,4033.93
2022-05-09,-3459.0,1487.87
2022-05-10,-1396.23,1335.06
2022-05-11,-1442.96,-1067.31
2022-05-12,-6550.16,4590.4
2022-05-13,-534.39,1175.42
2022-05-16,-424.93,-603.2
2022-05-17,6959.82,-3051.91
2022-05-18,-303.33,1003.37
2022-05-19,-6328.25,4809.85
2022-05-20,9076.99,-5531.51
2022-05-23,-953.09,-165.26
2022-05-24,-2172.92,378.97
2022-05-25,-3318.25,-1424.62
2022-05-26,1700.0,-1119.05
2022-05-27,1359.89,-1672.26
2022-05-30,8518.36,-1606.31
2022-05-31,1081.58,1161.22
2022-06-01,633.34,-309.8
2022-06-02,944.49,-4242.47
2022-06-03,990.8,2242.6
2022-06-06,-1096.58,-171.33
2022-06-07,-3904.58,1846.08
2022-06-08,589.11,-1542.18
2022-06-09,2849.08,-1449.47
2022-06-10,-4860.22,3065.95
2022-06-13,-8196.23,3832.66
2022-06-14,-1125.3,1566.62
2022-06-15,-133.66,645.6
2022-06-16,-8244.96,2714.97
2022-06-17,37.52,700.48
2022-06-20,2100.56,1564.18
2022-06-21,7199.21,-2708.86
2022-06-22,-5092.26,-901.37
2022-06-23,2537.56,-1786.28
2022-06-24,3335.49,-1559.66
2022-06-27,2057.12,-3404.13
2022-06-28,-1066.02,400.02
2022-06-29,1606.67,366.57
2022-06-30,133.79,1321.94
2022-07-01,-1752.46,708.24
2022-07-04,475.72,244.56
2022-07-05,-237.05,590.22
2022-07-06,2221.56,-849.29
2022-07-07,5811.92,-2551.92
2022-07-08,1121.18,-537.48
2022-07-11,1094.54,-628.92
2022-07-12,-7167.04,3089.77
2022-07-13,-571.43,-1235.44
2022-07-14,-1437.45,2144.87
2022-07-15,4252.48,85.97
2022-07-18,4022.02,-2043.51
2022-07-19,947.14,782.12
2022-07-20,1996.4,-2622.04
2022-07-21,3048.03,-819.54
2022-07-22,4130.89,-1837.41
2022-07-25,-1669.23,-313.37
2022-07-26,-2643.34,-447.06
2022-07-27,2143.2,-3160.83
2022-07-28,6229.0,-1734.15
2022-07-29,1456.39,-425.23
2022-08-01,6924.78,-1534.12
2022-08-02,-868.27,3342.5
2022-08-03,-1239.91,-345.14
2022-08-04,163.32,1667.23
2022-08-05,807.13,-732.12
2022-08-08,773.53,-1510.34
2022-08-10,-1345.19,-25.21
2022-08-11,1279.48,-2855.73
2022-08-12,2547.83,-929.76
2022-08-16,252.25,-1279.14
2022-08-17,2105.33,-3097.15
2022-08-18,702.27,-1358.99
2022-08-19,-742.3,2283.17
2022-08-22,-5123.05,1367.4
2022-08-23,1331.35,-9.05
2022-08-24,430.24,-494.83
2022-08-25,-1318.3,-21.7
2022-08-26,109.27,-2814.99
2022-08-29,-2742.41,2460.06
2022-08-30,6575.1,-1589.16
2022-09-01,-3526.71,585.25
2022-09-02,1227.79,506.32
2022-09-05,2753.02,-1591.48
2022-09-06,502.51,-227.49
2022-09-07,303.78,-2020.87
2022-09-08,2316.94,582.71
2022-09-09,-567.42,-1016.2
2022-09-12,1060.77,-2324.12
2022-09-13,-1076.16,-1394.83
2022-09-14,-896.94,487.36
2022-09-15,-2322.71,1104.34
2022-09-16,-4281.19,2679.19
2022-09-19,702.98,-1119.4
2022-09-20,4171.66,43.11
2022-09-21,-2590.72,942.97
2022-09-22,-991.74,-441.46
2022-09-23,-5116.08,814.54
2022-09-26,-8038.97,3132.79
2022-09-27,-732.73,321.19
2022-09-28,-2651.6,140.7
2022-09-29,-788.58,-1119.37
2022-09-30,7014.19,-4091.03
2022-10-03,-3926.46,565.66
2022-10-04,7729.73,-3834.77
2022-10-06,220.59,524.55
2022-10-07,-252.71,768.4
2022-10-10,-2748.08,-1047.73
2022-10-11,-4318.9,1857.24
2022-10-12,3413.5,-1332.81
2022-10-13,-1606.41,-991.05
2022-10-14,5853.92,-1707.72
2022-10-17,3247.66,-2103.95
2022-10-18,3497.2,-3081.01
2022-10-19,1112.15,-644.19
2022-10-20,929.44,394.74
2022-10-21,-1637.84,-926.88
2022-10-24,3322.19,1199.76
2022-10-25,-1465.96,1338.78
2022-10-27,1209.02,1645.96
2022-10-28,-1777.65,-308.05
2022-10-31,1363.35,-4908.72
2022-11-01,2664.71,-941.86
2022-11-02,-1461.41,389.65
2022-11-03,4147.24,-59.71
2022-11-04,1836.24,-1314.76
2022-11-07,1861.12,-995.02
2022-11-09,-1370.62,2560.1
2022-11-10,-362.34,1228.15
2022-11-11,1893.63,-3108.19
2022-11-14,3718.59,-108.82
2022-11-15,2870.1,1122.69
2022-11-16,430.33,-1061.13
2022-11-17,-4724.42,1356.72
2022-11-18,-1814.97,507.8
2022-11-21,-4295.05,891.87
2022-11-22,1442.38,-373.59
2022-11-23,-1293.2,1246.77
2022-11-24,2665.94,-3790.01
2022-11-25,301.47,-191.25
2022-11-28,1051.14,1229.43
2022-11-29,539.06,-590.41
2022-11-30,605.91,-145.68
2022-12-01,1142.48,-937.04
2022-12-02,-4713.23,2661.4
2022-12-05,-1762.07,-749.26
2022-12-06,-397.74,-968.24
2022-12-07,-3563.84,-1886.95
2022-12-08,1871.07,-1049.01
2022-12-09,2573.27,-284.41
2022-12-12,-1373.24,-682.94
2022-12-13,2162.54,-1463.16
2022-12-14,1761.7,-1595.91
2022-12-15,-6017.67,-185.22
2022-12-16,-5712.25,566.76
2022-12-19,2035.52,-2001.22
2022-12-20,1292.67,1759.85
2022-12-21,-3540.52,-633.55
2022-12-22,-2032.81,-128.41
2022-12-23,-6290.65,1815.21
2022-12-26,2520.7,-2214.29
2022-12-27,1006.78,-730.06
2022-12-28,378.4,-1011.7
2022-12-29,3040.55,-1743.05
2022-12-30,-3840.02,1163.6
2023-01-02,300.76,-377.89
2023-01-03,-3026.82,1381.61
2023-01-04,-2111.28,-240.71
2023-01-05,-3062.8,2429.03
2023-01-06,-3318.72,105.3
2023-01-09,661.8,-2451.37
2023-01-10,-3441.63,2408.62
2023-01-11,-2407.61,-1669.85
2023-01-12,47.8,1522.4
2023-01-13,-703.7,471.3
2023-01-16,-975.34,1825.99
2023-01-17,2551.04,-4354.92
2023-01-18,1634.02,341.19
2023-01-19,-2290.23,9.25
2023-01-20,-1592.89,-2815.07
2023-01-23,4019.7,-1837.99
2023-01-24,754.46,-101.97
2023-01-25,-1861.47,2361.21
2023-01-27,-5174.66,1338.92
2023-01-30,1956.81,-2628.15
2023-01-31,1193.23,-1431.05
2023-02-01,1099.65,582.95
2023-02-02,865.7,148.63
2023-02-03,1522.11,-3108.21
2023-02-06,-494.46,951.51
2023-02-07,1043.64,847.85
2023-02-08,1092.61,-2226.61
2023-02-09,519.48,-2959.4
2023-02-10,1890.68,839.84
2023-02-13,402.43,-1177.66
2023-02-14,4550.15,1336.15
2023-02-15,-542.38,206.21
2023-02-16,334.7,-2019.84
2023-02-17,-785.14,1762.56
2023-02-20,-2566.85,2231.68
2023-02-21,-2801.08,-1643.24
2023-02-22,-4379.21,2322.52
2023-02-23,-1810.59,1339.38
2023-02-24,17.71,1419.08
2023-02-27,-1440.33,1350.91
2023-02-28,-2199.29,3229.99
2023-03-01,1328.89,1252.5
2023-03-02,-2165.32,-541.79
2023-03-03,6770.7,-2208.21
2023-03-06,3273.34,470.3
2023-03-08,1234.45,-1074.45
2023-03-09,-1321.1,1393.24
2023-03-10,-1984.91,-1077.63
2023-03-13,-3784.84,1461.35
2023-03-14,538.76,1718.31
2023-03-15,-892.62,1209.77
2023-03-16,-1259.93,1829.04
2023-03-17,5008.49,-539.22
2023-03-20,426.83,296.41
2023-03-21,907.52,-1002.49
2023-03-22,1431.02,-862.09
2023-03-23,-505.16,1023.57
2023-03-24,-3813.74,1780.69
2023-03-27,2014.94,-154.06
2023-03-28,1128.47,-1160.63
2023-03-29,2984.88,-2545.82
2023-03-31,3230.04,-3207.7
2023-04-03,-751.2,-988.54
2023-04-05,2420.46,-366.26
2023-04-06,237.62,-2262.43
2023-04-10,2134.56,-1216.74
2023-04-11,1584.35,-300.37
2023-04-12,1824.61,550.42
2023-04-13,981.24,-1164.94
2023-04-17,1229.19,1252.53
2023-04-18,-1012.22,1552.31
2023-04-19,-329.11,830.72
2023-04-20,3835.32,-378.67
2023-04-21,-483.42,143.29
2023-04-24,3638.87,-2823.64
2023-04-25,-2511.28,-923.07
2023-04-26,-1702.13,-884.18
2023-04-27,2462.3,-1923.17
2023-04-28,370.76,-1172.3
2023-05-02,2666.37,-2720.24
2023-05-03,274.84,1458.52
2023-05-04,4183.24,86.12
2023-05-05,233.3,1107.55
2023-05-08,3408.59,-2121.84
2023-05-09,28.41,1826.73
2023-05-10,-1210.28,-1436.88
2023-05-11,1769.3,1372.28
2023-05-12,-252.83,879.35
2023-05-15,1888.56,1111.96
2023-05-16,-1720.14,2146.71
2023-05-17,2244.54,1576.96
2023-05-18,-780.72,1294.29
2023-05-19,667.49,2257.86
2023-05-22,2099.44,-1242.18
2023-05-23,-703.15,1041.47
2023-05-24,277.24,-85.06
2023-05-25,1451.21,-2103.53
2023-05-26,3195.38,-915.66
2023-05-29,4171.33,-1730.15
2023-05-30,-1349.76,-1358.4
2023-05-31,-3605.96,2404.54
2023-06-01,1567.87,761.8
2023-06-02,2584.06,-215.31
2023-06-05,824.47,-883.21
2023-06-06,-382.49,-1898.91
2023-06-07,2451.34,-1075.88
2023-06-08,-353.4,847.95
2023-06-09,-1389.51,-472.7
2023-06-12,723.95,578.02
2023-06-13,134.04,-819.56
2023-06-14,986.71,-1180.25
2023-06-15,-1966.26,818.97
2023-06-16,513.58,-686.95
2023-06-19,-2467.29,1837.55
2023-06-20,4486.46,-1522.77
2023-06-21,1441.44,-1192.15
2023-06-22,199.6,-837.39
2023-06-23,-969.2,-202.54
2023-06-26,102.57,-1443.75
2023-06-27,3259.1,-2017.16
2023-06-28,3294.27,-1646.08
2023-06-30,3258.87,-1537.98
2023-07-03,944.39,-791.12
2023-07-04,3327.19,-1449.56
2023-07-05,1904.71,1724.22
2023-07-06,303.73,-2510.05
2023-07-07,-2093.56,616.36
2023-07-10,3176.89,-145.23
2023-07-11,90.88,-2023.68
2023-07-12,784.53,-260.26
2023-07-13,521.51,919.08
2023-07-14,1603.15,-1219.88
2023-07-17,2228.45,-306.66
2023-07-18,1461.43,-551.79
2023-07-19,1369.96,-1083.38
2023-07-20,-7.99,-795.09
2023-07-21,-677.63,697.5
2023-07-24,-2263.37,-492.96
2023-07-25,1212.7,475.28
2023-07-26,1251.5,-1846.27
2023-07-27,-1657.35,-979.59
2023-07-28,3.8,1151.5
2023-07-31,-231.43,-2661.71
2023-08-01,2061.62,-580.34
2023-08-02,-1443.0,1388.67
2023-08-03,-2469.14,1639.2
2023-08-04,769.02,-888.51
2023-08-07,662.09,-2201.75
2023-08-08,101.3,-113.51
2023-08-09,710.28,-1925.1
2023-08-10,1020.22,1735.5
2023-08-11,-316.01,514.59
2023-08-14,-2497.27,2295.25
2023-08-16,378.38,-1133.57
2023-08-17,-912.17,2169.23
2023-08-18,-888.16,1961.08
2023-08-21,2920.96,-1939.89
2023-08-22,-966.6,1127.0
2023-08-23,-3333.46,-547.07
2023-08-24,-3030.34,-129.82
2023-08-25,-2319.08,505.53
2023-08-28,-201.63,-1629.95
2023-08-29,4006.59,1956.59
2023-08-30,-1668.67,1861.33
2023-08-31,-2051.3,881.08
2023-09-01,2733.1,-2205.7
2023-09-04,2919.03,-570.56
2023-09-05,-6.65,-1919.6
2023-09-06,-786.36,-2246.67
2023-09-07,1792.85,-2323.25
2023-09-08,1014.42,937.74
2023-09-11,4468.99,-1373.75
2023-09-12,-177.89,2279.48
2023-09-13,1933.54,-969.57
2023-09-14,-1644.26,225.27
2023-09-15,2575.87,-1423.92
2023-09-18,-440.49,2.36
2023-09-20,-3731.52,-1257.65
2023-09-21,-2730.25,2362.03
2023-09-22,-1981.93,580.44
2023-09-25,-1129.34,430.24
2023-09-26,-475.0,-1051.98
2023-09-27,2788.31,719.98
2023-09-28,-3842.45,2064.89
2023-09-29,2569.37,-110.87
2023-10-03,-4214.91,2044.69
2023-10-04,-2277.84,282.25
2023-10-05,5649.3,-483.99
2023-10-06,1074.33,-3473.26
2023-10-09,-69.94,-536.96
2023-10-10,1223.88,-1762.14
2023-10-11,3975.83,2.28
2023-10-12,-499.48,501.31
2023-10-13,-1551.52,493.06
2023-10-16,-183.16,1309.1
2023-10-17,2663.28,-13.48
2023-10-18,-2669.57,1953.21
2023-10-19,-845.6,-944.48
2023-10-20,-1859.2,728.57
2023-10-23,-2639.77,1782.31
2023-10-25,-4296.97,1309.68
2023-10-26,-3985.74,2300.96
2023-10-27,4402.52,-288.65
2023-10-30,583.71,-1476.88
2023-10-31,-2521.08,1318.97
2023-11-01,751.04,333.0
2023-11-02,1914.41,621.86
2023-11-03,2284.73,-239.71
2023-11-06,1039.6,-598.51
2023-11-07,-1471.76,-1321.8
2023-11-08,48.73,-987.4
2023-11-09,-1076.08,-1357.34
2023-11-10,1903.01,1120.83
2023-11-13,-2639.92,1033.6
2023-11-15,2362.23,-760.64
2023-11-16,1265.79,-649.7
2023-11-17,-784.57,1708.02
2023-11-20,-2434.1,1016.77
2023-11-21,3013.84,178.69
2023-11-22,3918.46,-850.44
2023-11-23,1286.81,-52.74
2023-11-24,1739.5,46.08
2023-11-28,857.97,847.4
2023-11-29,2383.37,-3255.63
2023-11-30,-229.64,470.03
2023-12-01,4095.94,-870.59
2023-12-04,8177.75,-4730.04
2023-12-05,1775.77,-1566.63
2023-12-06,1016.35,-493.18
2023-12-07,512.69,-271.93
2023-12-08,1188.15,-543.95
2023-12-11,-992.55,-334.54
2023-12-12,-1511.37,449.84
2023-12-13,333.9,-52.32
2023-12-14,3026.58,-310.26
2023-12-15,2125.61,-2805.08
2023-12-18,3638.64,-979.94
2023-12-19,-1548.12,640.12
2023-12-20,-7352.12,1835.89
2023-12-21,4706.68,-2597.89
2023-12-22,-1641.27,-2464.86
2023-12-26,2639.6,703.7
2023-12-27,2216.94,-673.06
2023-12-28,3802.55,1286.23
2023-12-29,-1021.04,-2436.0
2024-01-01,-1086.37,-584.64
2024-01-02,-1438.45,299.59
2024-01-03,-377.22,2557.09
2024-01-04,1711.83,333.51
2024-01-05,1259.55,-284.12
2024-01-08,-1373.4,1453.31
2024-01-09,3530.86,-1948.17
2024-01-10,255.56,-665.98
2024-01-11,1054.67,1323.81
2024-01-12,3391.35,-3420.65
2024-01-15,4043.89,-484.11
2024-01-16,-3797.26,437.67
2024-01-17,-8653.53,2336.58
2024-01-18,-2879.79,1733.91
2024-01-19,2413.83,-2662.0
2024-01-23,-4002.15,940.56
2024-01-24,3534.16,-2496.31
2024-01-25,-1965.73,1313.73
2024-01-29,6191.35,-1100.23
2024-01-30,-3097.49,1854.8
2024-01-31,2181.4,-1200.62
2024-02-01,269.14,77.07
2024-02-02,-543.83,-683.13
2024-02-05,-580.21,-252.68
2024-02-06,246.44,684.54
2024-02-07,752.21,-282.42
2024-02-08,-4613.15,467.62
2024-02-09,2845.56,-280.64
2024-02-12,-3118.31,1757.84
2024-02-13,543.75,918.34
2024-02-14,3364.8,-1227.69
2024-02-15,28.14,-3627.33
2024-02-16,-443.12,-2496.99
2024-02-19,1312.79,-946.48
2024-02-20,-1005.01,-843.9
2024-02-21,-1159.8,1592.31
2024-02-22,-640.51,-1258.41
2024-02-23,-2139.15,1114.14
2024-02-26,-48.06,-465.49
2024-02-27,-114.37,-1070.87
2024-02-28,-6719.97,2073.55
2024-02-29,23.29,947.93
2024-03-01,3210.04,-3171.77
2024-03-04,-1362.03,-1654.03
2024-03-05,-2433.06,1525.21
2024-03-06,532.7,-641.03
2024-03-07,-310.84,-1653.51
2024-03-11,-2398.4,1791.9
2024-03-12,-1770.68,950.46
2024-03-13,-5814.4,1690.33
2024-03-14,2827.39,-1811.81
2024-03-15,-1613.88,457.49
2024-03-18,634.72,-3077.22
2024-03-19,-5985.18,2359.49
2024-03-20,1853.47,-1241.44
2024-03-21,2008.36,-833.54
2024-03-22,2195.57,-3011.09
2024-03-26,-2578.8,225.78
2024-03-27,2676.43,2187.26
2024-03-28,2414.09,-3066.42
2024-04-01,2418.7,677.55
2024-04-02,45.84,-1029.89
2024-04-03,1187.8,920.85
2024-04-04,-469.35,-77.18
2024-04-05,1483.22,1424.61
2024-04-08,1933.78,-1446.42
2024-04-09,1529.2,-1296.34
2024-04-10,2129.21,-2379.7
2024-04-12,-1492.41,1235.58
2024-04-15,-1386.29,2234.28
2024-04-16,-3513.13,2548.7
2024-04-18,267.29,2088.53
2024-04-19,919.15,-1397.98
2024-04-22,2783.73,-2127.25
2024-04-23,2962.93,-39.02
2024-04-24,-3593.64,176.54
2024-04-25,1726.84,-1214.45
2024-04-26,-2552.02,1968.0
2024-04-29,4669.52,-1155.33
2024-04-30,-1019.72,205.77
2024-05-02,604.71,-1250.57
2024-05-03,-1414.56,1693.53
2024-05-06,1868.18,1727.66
2024-05-07,-2902.61,1921.41
2024-05-08,-1426.43,835.12
2024-05-09,-5415.66,1092.46
2024-05-10,1754.91,-3876.9
2024-05-13,-1961.97,-545.24
2024-05-14,1668.16,-1215.43
2024-05-15,-2602.73,-864.68
2024-05-16,3334.03,-675.47
2024-05-17,809.23,971.42
2024-05-21,1436.71,-1317.25
2024-05-22,494.73,-2141.18
2024-05-23,4747.78,-1120.47
2024-05-24,890.12,1751.32
2024-05-27,-776.46,1776.38
2024-05-28,-869.47,2055.66
2024-05-29,-2437.32,2050.94
2024-05-30,-642.01,1195.23
2024-05-31,888.52,1266.17
2024-06-03,9563.19,-6466.42
2024-06-04,-6372.16,8330.32
2024-06-05,10325.41,-3656.43
2024-06-06,1753.67,-2542.65
2024-06-07,6542.59,-5232.68
2024-06-10,-830.54,493.39
2024-06-11,-332.05,-1888.58
2024-06-12,3140.46,-250.35
2024-06-13,3123.68,-800.52
2024-06-14,-464.86,-104.56
2024-06-18,856.35,-2003.33
2024-06-19,1671.09,-479.93
2024-06-20,-2109.78,1268.49
2024-06-21,-1595.34,-309.94
2024-06-24,-2178.95,1854.57
2024-06-25,403.94,-1098.94
2024-06-26,3234.34,-426.65
2024-06-27,2118.83,-3146.16
2024-06-28,-1637.56,436.85
2024-07-01,460.38,-576.54
2024-07-02,797.7,1267.46
2024-07-03,183.42,1624.63
2024-07-04,1344.54,-98.72
2024-07-05,1902.17,2704.56
2024-07-08,-2198.77,-249.97
2024-07-09,-2178.1,-463.59
2024-07-10,-787.18,620.64
2024-07-11,-1086.63,-2407.0
2024-07-12,2857.57,597.89
2024-07-15,148.67,10.47
2024-07-16,-2031.3,388.2
2024-07-18,1699.57,-2059.72
2024-07-19,-4405.95,1160.37
2024-07-22,308.88,-1442.21
2024-07-23,-965.32,135.06
2024-07-24,-2451.91,2557.67
2024-07-25,-1371.18,-757.86
2024-07-26,3802.74,-476.92
2024-07-29,844.46,-1131.46
2024-07-30,1915.44,112.79
2024-07-31,1518.54,-979.7
2024-08-01,-405.72,46.12
2024-08-02,-4334.51,3938.55
2024-08-05,-9939.87,5861.36
2024-08-06,-953.27,752.05
2024-08-07,5062.79,-2662.82
2024-08-08,-932.25,-2134.74
2024-08-09,2036.07,-2666.9
2024-08-12,-2132.64,-131.75
2024-08-13,-1984.32,2124.66
2024-08-14,420.35,-828.35
2024-08-16,5491.45,-2319.82
2024-08-19,1789.15,739.79
2024-08-20,1586.44,-1847.07
2024-08-21,-112.79,-1093.06
2024-08-22,27.31,71.56
2024-08-23,1213.63,-131.78
2024-08-26,2289.6,-960.74
2024-08-27,-688.09,-1153.35
2024-08-28,-2218.26,-1041.63
2024-08-29,1902.42,-1439.84
2024-08-30,644.62,59.05
2024-09-02,1289.82,-1549.83
2024-09-03,1509.24,1345.99
2024-09-04,-2657.8,-507.09
2024-09-05,1148.51,142.84
2024-09-06,-6824.77,67.93
2024-09-09,642.96,-1904.16
2024-09-10,639.46,-590.92
2024-09-11,723.99,386.15
2024-09-12,7272.7,-1117.43
2024-09-13,1768.62,533.13
2024-09-16,-2622.53,391.79
2024-09-17,1983.9,-302.93
2024-09-18,2132.98,1273.75
2024-09-19,1304.58,1077.57
2024-09-20,4928.19,-5205.44
2024-09-23,974.01,575.24
2024-09-24,-1195.78,-275.97
2024-09-25,-829.99,1772.07
2024-09-26,4966.85,-2282.95
2024-09-27,-203.62,-604.31
2024-09-30,-3295.85,2720.75
2024-10-01,1055.43,479.37
2024-10-03,-1955.8,1945.95
2024-10-04,-5363.91,927.3
2024-10-07,-4976.64,-478.62
2024-10-08,1128.32,-2421.77
2024-10-09,-1806.14,808.97
2024-10-10,-561.14,-314.49
2024-10-11,930.93,-714.38
2024-10-14,1570.38,-544.69
2024-10-15,-3755.23,-2440.45
2024-10-16,-511.05,1105.53
2024-10-17,435.86,1519.95
2024-10-18,2492.66,-866.09
2024-10-21,-434.71,2440.99
2024-10-22,-6926.74,2366.72
2024-10-23,2754.71,562.78
2024-10-24,2032.66,-533.45
2024-10-25,-2735.84,1384.11
2024-10-28,-1361.82,-2384.1
2024-10-29,-71.31,199.48
2024-10-30,-236.72,1161.32
2024-10-31,-433.88,638.04
2024-11-01,3029.9,-602.95
2024-11-04,-3727.34,1588.35
2024-11-05,3751.59,-1867.9
2024-11-06,4819.21,-3035.86
2024-11-07,-5136.78,2569.12
2024-11-08,-766.93,-227.61
2024-11-11,1249.39,-685.86
2024-11-12,-3504.58,3281.21
2024-11-13,-1766.06,3924.26
2024-11-14,-758.75,1644.62
2024-11-18,-2429.24,-585.38
2024-11-19,-2698.11,1593.65
2024-11-21,-3446.61,923.48
2024-11-22,5795.35,-2746.22
2024-11-25,3384.94,-3539.97
2024-11-26,323.13,-1550.79
2024-11-27,-259.18,-3026.73
2024-11-28,-6594.25,2443.39
2024-11-29,-225.2,-3138.18
2024-12-02,1798.49,-1553.35
2024-12-03,5226.06,1081.67
2024-12-04,-1175.55,605.4
2024-12-05,4078.27,-2194.15
2024-12-06,-2614.84,171.01
2024-12-09,-974.09,-165.51
2024-12-10,554.42,-846.35
2024-12-11,-1340.96,-62.62
2024-12-12,-554.5,-845.24
2024-12-13,4075.8,-3466.41
2024-12-16,-2079.01,296.31
2024-12-17,-4994.95,1342.24
2024-12-18,1115.9,-175.71
2024-12-19,597.84,2056.55
2024-12-20,-4423.59,2852.32
2024-12-23,5905.53,-2247.63
2024-12-24,-2006.46,-742.92
2024-12-26,333.31,-2213.47
2024-12-27,831.83,1633.09
2024-12-30,-1895.64,710.15
2024-12-31,-928.5,1078.85
2025-01-01,5.92,1593.34
2025-01-02,8532.25,-2508.0
2025-01-03,-2298.1,2377.21
2025-01-06,-3215.58,1461.7
2025-01-07,376.95,-2170.21
2025-01-08,373.79,919.86
2025-01-09,-4082.17,482.4
2025-01-10,-3232.28,-472.86
2025-01-13,-3597.66,1331.91
2025-01-14,719.62,-2538.21
2025-01-15,761.35,-293.56
2025-01-16,180.86,-863.96
2025-01-17,-1127.15,-279.04
2025-01-20,-384.25,1251.62
2025-01-21,-5063.46,1940.66
2025-01-22,3219.21,3383.39
2025-01-23,-1218.93,215.89
2025-01-24,-2524.14,84.86
2025-01-27,-4497.69,357.9
2025-01-28,1621.43,-2611.09
2025-01-29,4110.21,-1278.99
2025-01-30,1752.68,-1118.94
2025-01-31,2789.92,-1325.28
2025-02-01,-2081.06,-262.1
2025-02-03,-2836.55,-295.12
2025-02-04,1692.03,-821.2
2025-02-05,-1572.57,1667.43
2025-02-06,426.41,-954.81
2025-02-07,-2184.24,3348.41
2025-02-10,355.38,1097.68
2025-02-11,-3588.85,1230.44
2025-02-12,303.29,-688.0
2025-02-13,-3228.82,-1495.72
2025-02-14,-1298.94,-691.99
2025-02-17,294.87,-1487.48
2025-02-18,-1359.06,1116.57
2025-02-19,209.09,69.47
2025-02-20,1060.08,705.91
2025-02-21,634.7,215.74
2025-02-24,-3836.48,34.68
2025-02-25,-720.61,1196.29
2025-02-27,1916.72,1169.0
2025-02-28,-8284.78,4096.52
2025-03-03,-2830.98,1114.34
2025-03-04,-1048.76,1091.58
2025-03-05,1460.84,-324.35
2025-03-06,587.99,-2194.87
2025-03-07,-1393.34,-2157.04
2025-03-10,-1084.67,2780.54
2025-03-11,4502.57,-134.52
2025-03-12,1309.65,461.2
2025-03-13,-230.3,78.74
2025-03-17,1786.79,-102.11
2025-03-18,3471.3,-2262.49
2025-03-19,875.36,510.18
2025-03-20,2107.81,-1915.28
2025-03-21,4934.57,363.59
2025-03-24,5980.22,-1948.91
2025-03-25,612.12,1137.37
2025-03-26,36.06,-1189.76
2025-03-27,-630.71,900.11
2025-03-28,-1338.53,-344.47
2025-04-01,-6392.21,1589.47
2025-04-02,54.6,1430.24
2025-04-03,-1091.2,459.23
2025-04-04,-3577.87,3384.81
2025-04-07,-8310.93,6153.23
2025-04-08,4119.93,-2890.54
2025-04-09,-666.21,277.01
2025-04-11,5743.46,-2397.04
2025-04-15,7748.5,-5418.58
2025-04-16,2469.31,-979.07
2025-04-17,6366.23,-1720.2
2025-04-21,5856.92,-98.38
2025-04-22,2538.39,1473.14
2025-04-23,2444.32,-965.0
2025-04-24,295.0,1385.61
2025-04-25,-3029.1,1768.54
2025-04-28,3555.82,-2828.95
2025-04-29,2027.55,20.31
2025-04-30,3051.49,-1939.8
2025-05-02,-681.06,-37.89
2025-05-05,3116.34,-225.77
2025-05-06,-534.46,-852.63
2025-05-07,-1307.18,172.89
2025-05-08,-3773.82,225.58
2025-05-09,-2533.66,463.73
2025-05-12,13862.96,-4258.74
2025-05-13,-6525.88,965.53
2025-05-14,-2347.83,-1479.53
2025-05-15,5956.01,-2899.89
2025-05-16,184.87,-1573.64
2025-05-19,305.45,-220.37
2025-05-20,-3127.19,1461.28
2025-05-21,-332.83,-2170.95
2025-05-22,-1011.69,1710.48
2025-05-23,4542.82,-1094.28
2025-05-26,2000.98,-2964.46
2025-05-27,-2504.87,1016.8
2025-05-28,2038.47,1269.95
2025-05-29,3287.64,225.27
2025-05-30,-2068.43,641.28
2025-06-02,-58.98,-920.33
2025-06-03,-2689.73,809.65
2025-06-04,3358.2,-2971.77
2025-06-05,3401.34,-1920.46
2025-06-06,998.14,-112.2
2025-06-09,2299.48,904.61
2025-06-10,1213.61,2465.54
2025-06-11,1282.04,-409.75
2025-06-12,-2506.94,3002.83
2025-06-13,-3213.4,239.9
2025-06-16,2302.5,-3908.47
2025-06-17,-912.47,-1703.56
2025-06-18,-419.53,1287.91
2025-06-19,-942.63,2126.2
2025-06-20,1670.99,-501.36
2025-06-23,-665.75,-1220.01
2025-06-24,4936.56,-511.68
2025-06-25,1084.32,-2888.78
2025-06-26,3285.58,-1960.69
2025-06-27,1196.68,-878.71
2025-06-30,-463.11,241.32
2025-07-01,-2611.46,-324.72
2025-07-02,-4589.52,943.68
2025-07-03,-2035.86,479.49
2025-07-04,2628.84,-1467.36
2025-07-07,1595.43,-521.84
2025-07-08,3350.88,-798.73
2025-07-09,-1806.15,1097.39
2025-07-10,-2076.78,-298.19
2025-07-11,-3147.03,1161.61
2025-07-14,1207.51,-1918.03
2025-07-15,1392.15,71.12
2025-07-16,483.66,1475.1
2025-07-17,-1308.58,377.07
2025-07-18,-820.47,973.66
2025-07-21,883.83,-115.35
2025-07-22,-1335.09,-555.27
2025-07-23,1111.37,672.0
2025-07-24,-6708.62,1413.27
2025-07-25,-2643.09,-669.79
2025-07-28,-1420.9,1513.65
2025-07-29,2588.6,-4034.26
2025-07-30,2459.93,-1090.46
2025-07-31,-16.63,1412.53
2025-08-01,-3773.83,2021.94
2025-08-04,1343.98,-3446.76
2025-08-05,863.37,-485.93
2025-08-06,-2198.81,-25.14
2025-08-07,676.33,-202.71
2025-08-08,-2017.97,-187.35
2025-08-11,1616.96,-1504.47
2025-08-12,1655.25,459.22
2025-08-13,3244.37,-762.0
2025-08-14,-579.86,-368.89
2025-08-18,2739.28,-771.58
2025-08-19,3312.49,-193.67
2025-08-20,2620.07,-1577.47
2025-08-21,-224.36,-1067.96
2025-08-22,-2083.58,846.87
2025-08-25,2272.58,-1706.16
2025-08-26,-3007.81,2360.41
2025-08-28,-5661.28,3827.62
2025-08-29,-1331.44,-1976.69
2025-09-01,2671.36,-1176.98
2025-09-02,-676.56,1466.29
2025-09-03,2774.38,-469.16
2025-09-04,908.9,-242.06
2025-09-05,2744.49,-1815.66
2025-09-08,599.32,-116.89
2025-09-09,2375.8,-1590.56
2025-09-10,-1354.88,-442.13
2025-09-11,811.07,1592.91
2025-09-12,-603.83,734.78
2025-09-15,3015.95,-185.73
2025-09-16,96.76,-1504.96
2025-09-17,1104.45,134.82
2025-09-18,218.5,1313.44
2025-09-19,-2811.08,-1517.41
2025-09-22,182.97,-1991.0
2025-09-23,-697.22,3936.73
2025-09-24,-1360.16,-673.87
2025-09-25,-2074.18,933.08
2025-09-26,-2605.26,2217.83
2025-09-29,-1799.58,2145.51
2025-09-30,77.83,1017.07
2025-10-01,1802.89,171.1
2025-10-03,314.4,-16.92
2025-10-06,810.49,-2301.39
2025-10-07,1398.97,-715.66
2025-10-08,-2023.32,-400.53
2025-10-09,2673.23,-1567.25
2025-10-10,1057.13,-598.77
2025-10-13,-3564.17,-1421.28
2025-10-14,-468.93,-397.76
2025-10-15,3709.33,98.05
2025-10-16,4179.62,633.29
2025-10-17,1335.76,48.46
2025-10-20,678.84,2165.12
2025-10-21,3270.88,-133.46
2025-10-23,844.3,1498.95
2025-10-24,-1335.94,-230.33
2025-10-27,3298.57,-899.67
2025-10-28,-70.4,-828.68
2025-10-29,-1215.08,-397.34
2025-10-30,-669.71,742.61
2025-10-31,349.05,58.1
2025-11-03,-1100.95,-321.23
2025-11-04,-2053.36,1888.7
2025-11-06,-2193.22,2157.1
2025-11-07,2745.77,55.33
2025-11-10,2840.14,-1750.58
2025-11-11,3027.53,549.38
2025-11-12,3406.68,-1074.44
2025-11-13,-4392.54,-789.49
2025-11-14,-580.67,-1353.01
2025-11-17,1380.57,-1101.36
2025-11-18,-2429.36,-674.34
2025-11-19,577.82,520.25
2025-11-20,614.82,-1421.11
2025-11-21,-2105.32,1116.93
2025-11-24,-566.01,-3028.4
2025-11-25,669.19,2155.27
2025-11-26,2139.26,-3024.03
2025-11-27,-558.04,-965.88
2025-11-28,191.68,-2263.73
2025-12-01,-1988.3,2002.74
2025-12-02,-3037.56,2314.73
2025-12-03,0.6,-1904.92
2025-12-04,1504.25,-416.83
2025-12-05,1076.43,-585.87
2025-12-08,-1876.01,2143.09
2025-12-09,370.25,1188.33
2025-12-10,-3011.42,-94.39
2025-12-11,6051.55,50.9
2025-12-12,5272.93,815.02
2025-12-15,136.4,474.84
2025-12-16,-1982.09,-1121.76
2025-12-17,-454.93,1693.81
2025-12-18,-934.32,511.77
2025-12-19,3030.4,-1968.12
2025-12-22,1703.04,-2411.49
2025-12-23,-1178.8,-1572.35
2025-12-24,-1752.37,1904.19
2025-12-26,-2518.48,724.38
2025-12-29,-1908.59,1991.78
2025-12-30,1929.16,1055.68
2025-12-31,2665.35,-1380.35
2026-01-01,-1593.19,2234.92
2026-01-02,948.72,-247.74
2026-01-05,697.73,-220.53
2026-01-06,738.72,1326.2
2026-01-07,2157.06,-345.77
2026-01-08,-4957.41,907.72
2026-01-09,-1930.6,1191.8
2026-01-12,659.09,-2915.66
2026-01-13,31.64,2703.85
2026-01-14,-81.26,1119.78
2026-01-16,1194.72,308.43
2026-01-19,126.6,1109.9
2026-01-20,-4608.08,1114.34
2026-01-21,-1265.17,822.81
2026-01-22,1104.73,-412.22
2026-01-23,-2203.09,2430.72
2026-01-27,3442.24,-665.41
2026-01-28,32.54,-1411.23
2026-01-29,967.54,-2653.65
2026-01-30,923.43,750.64
2026-02-02,-2179.68,3014.49
2026-02-03,6697.57,-3132.54
2026-02-04,400.15,-503.38
2026-02-05,-2708.56,2773.86
2026-02-06,32.22,541.62
2026-02-09,-785.54,402.5
2026-02-10,2365.21,-276.53
2026-02-11,-124.11,371.85
2026-02-12,1738.06,-1268.32
2026-02-13,-2734.0,859.58
2026-02-16,2462.95,-1543.87
2026-02-17,-144.28,-261.66
2026-02-18,-605.66,687.22
2026-02-19,-6932.22,2768.22
2026-02-20,887.96,-2093.99
2026-02-23,1966.58,-2699.84
2026-02-24,-3304.68,-25.33
2026-02-25,1374.51,-1450.53
2026-02-26,-511.07,270.03
2026-02-27,-4899.32,1800.7
2026-03-02,-5999.51,2621.43
2026-03-04,-1999.99,5674.33
2026-03-05,3634.23,-802.9
2026-03-06,-6030.38,6971.51
2026-03-09,-6345.57,9013.8
